Security Code,Record Type,Trade ID,Price ,Quantity ,Trade Type ,Trade Time
1398,T,1,5.251,1000,4,2.01E+13
1398,T,2,5.21,3000,4,2.01E+13
1398,T,3,5.26,25000,4,2.01E+13
1398,T,4,5.2,945,4,2.01E+13
1398,T,5,5.26,55000,4,2.01E+13
1398,T,6,5.42,4500,4,2.01E+13
1398,T,7,5.425,500,4,2.01E+13
1398,T,8,5.26,500000,4,2.01E+13
1398,T,9,5.2,884,4,2.01E+13
1398,T,10,5.2,884,4,2.01E+13
1398,T,11,5.19,1000,103,2.01E+13
1398,T,12,5.19,24000,103,2.01E+13
1398,T,13,5.19,8000,103,2.01E+13
1398,T,14,5.19,46000,103,2.01E+13
1398,T,15,5.19,47000,103,2.01E+13
1398,T,16,5.19,13000,103,2.01E+13
1398,T,17,5.19,19000,103,2.01E+13
1398,T,18,5.19,3000,103,2.01E+13
1398,T,19,5.19,4000,103,2.01E+13
1398,T,20,5.19,3000,103,2.01E+13
1398,T,21,5.19,17000,103,2.01E+13
1398,T,22,5.19,65000,103,2.01E+13
1398,T,23,5.19,3000,103,2.01E+13
1398,T,24,5.19,1000,103,2.01E+13
1398,T,25,5.19,4000,103,2.01E+13
1398,T,26,5.19,1000,103,2.01E+13
1398,T,27,5.19,10000,103,2.01E+13
1398,T,28,5.19,20000,103,2.01E+13
1398,T,29,5.19,2000,103,2.01E+13
1398,T,30,5.19,1000,103,2.01E+13
1398,T,31,5.19,3000,103,2.01E+13
1398,T,32,5.19,12000,103,2.01E+13
1398,T,33,5.19,5000,103,2.01E+13
1398,T,34,5.19,3000,103,2.01E+13
1398,T,35,5.19,1000,103,2.01E+13
1398,T,36,5.19,27000,103,2.01E+13
1398,T,37,5.19,5000,103,2.01E+13
1398,T,38,5.19,48000,103,2.01E+13
1398,T,39,5.19,21000,103,2.01E+13
1398,T,40,5.19,55000,103,2.01E+13
1398,T,41,5.19,6000,103,2.01E+13
1398,T,42,5.19,218000,103,2.01E+13
1398,T,43,5.19,20000,103,2.01E+13
1398,T,44,5.19,252000,103,2.01E+13
1398,T,45,5.19,248000,103,2.01E+13
1398,T,46,5.19,14000,103,2.01E+13
1398,T,47,5.19,10000,103,2.01E+13
1398,T,48,5.19,15000,103,2.01E+13
1398,T,49,5.19,12000,103,2.01E+13
1398,T,50,5.19,4000,103,2.01E+13
1398,T,51,5.19,1000,103,2.01E+13
1398,T,52,5.19,176000,103,2.01E+13
1398,T,53,5.19,35000,103,2.01E+13
1398,T,54,5.19,22000,103,2.01E+13
1398,T,55,5.19,10000,103,2.01E+13
1398,T,56,5.19,10000,103,2.01E+13
1398,T,57,5.19,397000,103,2.01E+13
1398,T,58,5.19,5000,103,2.01E+13
1398,T,59,5.19,87000,103,2.01E+13
1398,T,60,5.19,1000,103,2.01E+13
1398,T,61,5.19,24000,103,2.01E+13
1398,T,62,5.19,46000,103,2.01E+13
1398,T,63,5.19,9000,103,2.01E+13
1398,T,64,5.19,15000,103,2.01E+13
1398,T,65,5.19,24000,103,2.01E+13
1398,T,66,5.19,5000,103,2.01E+13
1398,T,67,5.19,7000,103,2.01E+13
1398,T,68,5.19,67000,103,2.01E+13
1398,T,69,5.19,313000,103,2.01E+13
1398,T,70,5.19,2000,103,2.01E+13
1398,T,71,5.19,5000,103,2.01E+13
1398,T,72,5.19,8000,103,2.01E+13
1398,T,73,5.19,10000,103,2.01E+13
1398,T,74,5.19,662000,103,2.01E+13
1398,T,75,5.19,138000,103,2.01E+13
1398,T,76,5.19,10000,103,2.01E+13
1398,T,77,5.19,29000,103,2.01E+13
1398,T,78,5.19,6000,103,2.01E+13
1398,T,79,5.19,38000,103,2.01E+13
1398,T,80,5.19,9000,103,2.01E+13
1398,T,81,5.19,108000,103,2.01E+13
1398,T,82,5.19,7000,103,2.01E+13
1398,T,83,5.19,20000,103,2.01E+13
1398,T,84,5.19,73000,103,2.01E+13
1398,T,85,5.19,20000,103,2.01E+13
1398,T,86,5.19,73000,103,2.01E+13
1398,T,87,5.19,20000,103,2.01E+13
1398,T,88,5.19,44000,103,2.01E+13
1398,T,89,5.19,8000,103,2.01E+13
1398,T,90,5.19,33000,103,2.01E+13
1398,T,91,5.19,1000,103,2.01E+13
1398,T,92,5.19,82000,103,2.01E+13
1398,T,93,5.19,157000,103,2.01E+13
1398,T,94,5.19,10000,103,2.01E+13
1398,T,95,5.19,40000,103,2.01E+13
1398,T,96,5.19,16000,103,2.01E+13
1398,T,97,5.19,1000,103,2.01E+13
1398,T,98,5.19,30000,103,2.01E+13
1398,T,99,5.19,65000,103,2.01E+13
1398,T,100,5.19,99000,103,2.01E+13
1398,T,101,5.19,102000,103,2.01E+13
1398,T,102,5.19,90000,103,2.01E+13
1398,T,103,5.19,45000,103,2.01E+13
1398,T,104,5.19,43000,103,2.01E+13
1398,T,105,5.19,40000,103,2.01E+13
1398,T,106,5.19,47000,103,2.01E+13
1398,T,107,5.19,12000,103,2.01E+13
1398,T,108,5.19,14000,103,2.01E+13
1398,T,109,5.19,52000,103,2.01E+13
1398,T,110,5.19,12000,103,2.01E+13
1398,T,111,5.19,6000,103,2.01E+13
1398,T,112,5.19,3000,103,2.01E+13
1398,T,113,5.19,22000,103,2.01E+13
1398,T,114,5.19,58000,103,2.01E+13
1398,T,115,5.19,88000,103,2.01E+13
1398,T,116,5.19,1000,103,2.01E+13
1398,T,117,5.19,31000,103,2.01E+13
1398,T,118,5.19,56000,103,2.01E+13
1398,T,119,5.19,77000,103,2.01E+13
1398,T,120,5.19,33000,103,2.01E+13
1398,T,121,5.19,8000,103,2.01E+13
1398,T,122,5.19,34000,103,2.01E+13
1398,T,123,5.19,1000,103,2.01E+13
1398,T,124,5.19,21000,103,2.01E+13
1398,T,125,5.19,2000,103,2.01E+13
1398,T,126,5.19,33000,103,2.01E+13
1398,T,127,5.19,284000,103,2.01E+13
1398,T,128,5.19,1000,103,2.01E+13
1398,T,129,5.19,3000,103,2.01E+13
1398,T,130,5.19,6000,103,2.01E+13
1398,T,131,5.19,6000,103,2.01E+13
1398,T,132,5.19,14000,103,2.01E+13
1398,T,133,5.19,2000,103,2.01E+13
1398,T,134,5.19,20000,103,2.01E+13
1398,T,135,5.19,5000,103,2.01E+13
1398,T,136,5.19,100000,103,2.01E+13
1398,T,137,5.19,30000,103,2.01E+13
1398,T,138,5.19,1000,103,2.01E+13
1398,T,139,5.19,28000,103,2.01E+13
1398,T,140,5.19,50000,103,2.01E+13
1398,T,141,5.19,42000,103,2.01E+13
1398,T,142,5.19,10000,103,2.01E+13
1398,T,143,5.19,10000,103,2.01E+13
1398,T,144,5.19,38000,103,2.01E+13
1398,T,145,5.19,10000,103,2.01E+13
1398,T,146,5.19,2000,103,2.01E+13
1398,T,147,5.19,1000,103,2.01E+13
1398,T,148,5.19,397000,103,2.01E+13
1398,T,149,5.19,728000,103,2.01E+13
1398,T,150,5.19,79000,103,2.01E+13
1398,T,151,5.19,50000,103,2.01E+13
1398,T,152,5.19,68000,103,2.01E+13
1398,T,153,5.19,100000,103,2.01E+13
1398,T,154,5.19,32000,103,2.01E+13
1398,T,155,5.19,28000,103,2.01E+13
1398,T,156,5.19,6000,103,2.01E+13
1398,T,157,5.19,4000,103,2.01E+13
1398,T,158,5.19,10000,103,2.01E+13
1398,T,159,5.19,2000,103,2.01E+13
1398,T,160,5.19,5000,103,2.01E+13
1398,T,161,5.19,10000,103,2.01E+13
1398,T,162,5.19,14000,103,2.01E+13
1398,T,163,5.19,79000,103,2.01E+13
1398,T,164,5.19,7000,103,2.01E+13
1398,T,165,5.19,363000,103,2.01E+13
1398,T,166,5.19,225000,103,2.01E+13
1398,T,167,5.19,212000,103,2.01E+13
1398,T,168,5.19,4000,103,2.01E+13
1398,T,169,5.19,8000,103,2.01E+13
1398,T,170,5.19,60000,103,2.01E+13
1398,T,171,5.19,5000,103,2.01E+13
1398,T,172,5.19,15000,103,2.01E+13
1398,T,173,5.19,3000,103,2.01E+13
1398,T,174,5.19,1000,103,2.01E+13
1398,T,175,5.19,20000,103,2.01E+13
1398,T,176,5.19,15000,103,2.01E+13
1398,T,177,5.19,10000,103,2.01E+13
1398,T,178,5.19,63000,103,2.01E+13
1398,T,179,5.19,300000,103,2.01E+13
1398,T,180,5.19,1000,103,2.01E+13
1398,T,181,5.19,12000,103,2.01E+13
1398,T,182,5.19,34000,103,2.01E+13
1398,T,183,5.19,12000,103,2.01E+13
1398,T,184,5.19,93000,103,2.01E+13
1398,T,185,5.19,102000,103,2.01E+13
1398,T,186,5.19,183000,103,2.01E+13
1398,T,187,5.19,1000,103,2.01E+13
1398,T,188,5.19,6000,103,2.01E+13
1398,T,189,5.19,6000,103,2.01E+13
1398,T,190,5.19,5000,103,2.01E+13
1398,T,191,5.19,6000,103,2.01E+13
1398,T,192,5.19,2000,103,2.01E+13
1398,T,193,5.19,10000,103,2.01E+13
1398,T,194,5.19,22000,103,2.01E+13
1398,T,195,5.19,1000,103,2.01E+13
1398,T,196,5.19,15000,103,2.01E+13
1398,T,197,5.19,10000,103,2.01E+13
1398,T,198,5.19,50000,103,2.01E+13
1398,T,199,5.19,15000,103,2.01E+13
1398,T,200,5.19,8000,103,2.01E+13
1398,T,201,5.19,129000,103,2.01E+13
1398,T,202,5.19,671000,0,2.01E+13
1398,T,203,5.19,3000,0,2.01E+13
1398,T,204,5.19,12000,0,2.01E+13
1398,T,205,5.19,10000,0,2.01E+13
1398,T,206,5.19,1000,0,2.01E+13
1398,T,207,5.2,2000,0,2.01E+13
1398,T,208,5.19,1000,0,2.01E+13
1398,T,209,5.19,8000,0,2.01E+13
1398,T,210,5.19,24000,0,2.01E+13
1398,T,211,5.19,26000,0,2.01E+13
1398,T,212,5.19,38000,0,2.01E+13
1398,T,213,5.19,12000,0,2.01E+13
1398,T,214,5.19,11000,0,2.01E+13
1398,T,215,5.2,25000,0,2.01E+13
1398,T,216,5.19,12000,0,2.01E+13
1398,T,217,5.19,22000,0,2.01E+13
1398,T,218,5.19,11000,0,2.01E+13
1398,T,219,5.19,11000,0,2.01E+13
1398,T,220,5.19,12000,0,2.01E+13
1398,T,221,5.19,2000,0,2.01E+13
1398,T,222,5.19,20000,0,2.01E+13
1398,T,223,5.19,46000,0,2.01E+13
1398,T,224,5.19,6000,0,2.01E+13
1398,T,225,5.19,45000,0,2.01E+13
1398,T,226,5.19,11000,0,2.01E+13
1398,T,227,5.2,35000,0,2.01E+13
1398,T,228,5.2,2000,0,2.01E+13
1398,T,229,5.2,2000,0,2.01E+13
1398,T,230,5.2,1000,0,2.01E+13
1398,T,231,5.2,4000,0,2.01E+13
1398,T,232,5.2,38000,0,2.01E+13
1398,T,233,5.2,2000,0,2.01E+13
1398,T,234,5.2,7000,0,2.01E+13
1398,T,235,5.2,1000,0,2.01E+13
1398,T,236,5.2,3000,0,2.01E+13
1398,T,237,5.2,30000,0,2.01E+13
1398,T,238,5.2,20000,0,2.01E+13
1398,T,239,5.2,37000,0,2.01E+13
1398,T,240,5.2,1000,0,2.01E+13
1398,T,241,5.2,107000,0,2.01E+13
1398,T,242,5.19,12000,0,2.01E+13
1398,T,243,5.19,3000,0,2.01E+13
1398,T,244,5.19,7000,0,2.01E+13
1398,T,245,5.19,1000,0,2.01E+13
1398,T,246,5.19,34000,0,2.01E+13
1398,T,247,5.19,45000,0,2.01E+13
1398,T,248,5.19,162000,0,2.01E+13
1398,T,249,5.2,37000,0,2.01E+13
1398,T,250,5.2,16000,0,2.01E+13
1398,T,251,5.19,558000,0,2.01E+13
1398,T,252,5.19,46000,0,2.01E+13
1398,T,253,5.2,2000,0,2.01E+13
1398,T,254,5.2,4000,0,2.01E+13
1398,T,255,5.2,4000,0,2.01E+13
1398,T,256,5.2,19000,0,2.01E+13
1398,T,257,5.2,11000,0,2.01E+13
1398,T,258,5.2,2000,0,2.01E+13
1398,T,259,5.2,20000,0,2.01E+13
1398,T,260,5.2,4000,100,2.01E+13
1398,T,261,5.2,4000,0,2.01E+13
1398,T,262,5.2,1000,0,2.01E+13
1398,T,263,5.21,3000,0,2.01E+13
1398,T,264,5.21,34000,0,2.01E+13
1398,T,265,5.21,50000,0,2.01E+13
1398,T,266,5.21,1000,0,2.01E+13
1398,T,267,5.22,50000,0,2.01E+13
1398,T,268,5.22,8000,0,2.01E+13
1398,T,269,5.22,7000,0,2.01E+13
1398,T,270,5.22,2000,0,2.01E+13
1398,T,271,5.22,1000,0,2.01E+13
1398,T,272,5.23,50000,0,2.01E+13
1398,T,273,5.23,6000,0,2.01E+13
1398,T,274,5.23,8000,0,2.01E+13
1398,T,275,5.23,178000,0,2.01E+13
1398,T,276,5.2,25000,0,2.01E+13
1398,T,277,5.2,5000,0,2.01E+13
1398,T,278,5.2,10000,0,2.01E+13
1398,T,279,5.2,26000,0,2.01E+13
1398,T,280,5.2,8000,0,2.01E+13
1398,T,281,5.2,12000,0,2.01E+13
1398,T,282,5.2,6000,0,2.01E+13
1398,T,283,5.2,5000,0,2.01E+13
1398,T,284,5.2,11000,0,2.01E+13
1398,T,285,5.22,127000,0,2.01E+13
1398,T,286,5.23,52000,0,2.01E+13
1398,T,287,5.2,4000,0,2.01E+13
1398,T,288,5.19,196000,0,2.01E+13
1398,T,289,5.21,77000,0,2.01E+13
1398,T,290,5.2,1000,100,2.01E+13
1398,T,291,5.23,90000,0,2.01E+13
1398,T,292,5.21,1000,101,2.01E+13
1398,T,293,5.21,2000,101,2.01E+13
1398,T,294,5.21,1000,101,2.01E+13
1398,T,295,5.21,1000,101,2.01E+13
1398,T,296,5.215,1000,101,2.01E+13
1398,T,297,5.215,1000,101,2.01E+13
1398,T,298,5.23,20000,101,2.01E+13
1398,T,299,5.23,356000,0,2.01E+13
1398,T,300,5.22,60000,0,2.01E+13
1398,T,301,5.2,57000,0,2.01E+13
1398,T,302,5.2,3000,0,2.01E+13
1398,T,303,5.2,76000,0,2.01E+13
1398,T,304,5.21,15000,0,2.01E+13
1398,T,305,5.21,35000,0,2.01E+13
1398,T,306,5.22,13000,0,2.01E+13
1398,T,307,5.22,2000,0,2.01E+13
1398,T,308,5.22,48000,0,2.01E+13
1398,T,309,5.22,2000,0,2.01E+13
1398,T,310,5.23,128000,0,2.01E+13
1398,T,311,5.21,1000,0,2.01E+13
1398,T,312,5.21,6000,0,2.01E+13
1398,T,313,5.2,2000,0,2.01E+13
1398,T,314,5.21,113000,0,2.01E+13
1398,T,315,5.23,57000,0,2.01E+13
1398,T,316,5.23,2000,101,2.01E+13
1398,T,317,5.22,1000,0,2.01E+13
1398,T,318,5.23,4000,0,2.01E+13
1398,T,319,5.23,1000,0,2.01E+13
1398,T,320,5.22,2000,0,2.01E+13
1398,T,321,5.22,9000,0,2.01E+13
1398,T,322,5.2,1000,0,2.01E+13
1398,T,323,5.2,1000,0,2.01E+13
1398,T,324,5.2,10000,0,2.01E+13
1398,T,325,5.22,39000,0,2.01E+13
1398,T,326,5.22,1000,0,2.01E+13
1398,T,327,5.23,18000,0,2.01E+13
1398,T,328,5.22,1000,100,2.01E+13
1398,T,329,5.23,5000,0,2.01E+13
1398,T,330,5.23,16000,0,2.01E+13
1398,T,331,5.23,10000,0,2.01E+13
1398,T,332,5.19,15000,0,2.01E+13
1398,T,333,5.21,10000,0,2.01E+13
1398,T,334,5.22,10000,0,2.01E+13
1398,T,335,5.2,23000,0,2.01E+13
1398,T,336,5.2,27000,0,2.01E+13
1398,T,337,5.21,4000,0,2.01E+13
1398,T,338,5.21,29000,0,2.01E+13
1398,T,339,5.21,17000,0,2.01E+13
1398,T,340,5.2,1000,0,2.01E+13
1398,T,341,5.2,10000,0,2.01E+13
1398,T,342,5.2,74000,0,2.01E+13
1398,T,343,5.2,3000,0,2.01E+13
1398,T,344,5.2,20000,0,2.01E+13
1398,T,345,5.2,10000,0,2.01E+13
1398,T,346,5.21,3000,100,2.01E+13
1398,T,347,5.21,25000,100,2.01E+13
1398,T,348,5.2,1000,0,2.01E+13
1398,T,349,5.2,1000,0,2.01E+13
1398,T,350,5.2,28000,0,2.01E+13
1398,T,351,5.21,4000,0,2.01E+13
1398,T,352,5.21,2000,0,2.01E+13
1398,T,353,5.195,2000,101,2.01E+13
1398,T,354,5.2,1000,101,2.01E+13
1398,T,355,5.2,45000,0,2.01E+13
1398,T,356,5.2,3000,0,2.01E+13
1398,T,357,5.19,23000,0,2.01E+13
1398,T,358,5.19,7000,0,2.01E+13
1398,T,359,5.19,24000,0,2.01E+13
1398,T,360,5.19,15000,0,2.01E+13
1398,T,361,5.19,21000,0,2.01E+13
1398,T,362,5.19,7000,0,2.01E+13
1398,T,363,5.19,18000,0,2.01E+13
1398,T,364,5.21,20000,0,2.01E+13
1398,T,365,5.2,10000,0,2.01E+13
1398,T,366,5.2,40000,0,2.01E+13
1398,T,367,5.2,1000,0,2.01E+13
1398,T,368,5.2,1000,0,2.01E+13
1398,T,369,5.2,49000,0,2.01E+13
1398,T,370,5.21,8000,0,2.01E+13
1398,T,371,5.2,2000,0,2.01E+13
1398,T,372,5.205,2000,101,2.01E+13
1398,T,373,5.205,1000,101,2.01E+13
1398,T,374,5.21,2000,101,2.01E+13
1398,T,375,5.2,48000,0,2.01E+13
1398,T,376,5.2,4000,0,2.01E+13
1398,T,377,5.21,2000,0,2.01E+13
1398,T,378,5.21,1000,0,2.01E+13
1398,T,379,5.21,7000,0,2.01E+13
1398,T,380,5.2,350000,0,2.01E+13
1398,T,381,5.2,112000,0,2.01E+13
1398,T,382,5.2,38000,0,2.01E+13
1398,T,383,5.195,3000,101,2.01E+13
1398,T,384,5.2,200000,0,2.01E+13
1398,T,385,5.2,194000,0,2.01E+13
1398,T,386,5.2,29000,0,2.01E+13
1398,T,387,5.2,2000,0,2.01E+13
1398,T,388,5.2,29000,0,2.01E+13
1398,T,389,5.2,1000,0,2.01E+13
1398,T,390,5.21,2000,0,2.01E+13
1398,T,391,5.19,32000,0,2.01E+13
1398,T,392,5.19,47000,0,2.01E+13
1398,T,393,5.19,16000,0,2.01E+13
1398,T,394,5.19,6000,0,2.01E+13
1398,T,395,5.19,39000,0,2.01E+13
1398,T,396,5.2,2000,0,2.01E+13
1398,T,397,5.2,2000,0,2.01E+13
1398,T,398,5.2,6000,0,2.01E+13
1398,T,399,5.2,1000,0,2.01E+13
1398,T,400,5.2,1000,0,2.01E+13
1398,T,401,5.2,43000,0,2.01E+13
1398,T,402,5.2,1000,0,2.01E+13
1398,T,403,5.205,1000,101,2.01E+13
1398,T,404,5.2,1000,0,2.01E+13
1398,T,405,5.2,56000,0,2.01E+13
1398,T,406,5.2,2000,0,2.01E+13
1398,T,407,5.2,1000,0,2.01E+13
1398,T,408,5.2,22000,0,2.01E+13
1398,T,409,5.2,11000,0,2.01E+13
1398,T,410,5.2,11000,0,2.01E+13
1398,T,411,5.2,6000,0,2.01E+13
1398,T,412,5.2,25000,0,2.01E+13
1398,T,413,5.2,10000,0,2.01E+13
1398,T,414,5.2,40000,0,2.01E+13
1398,T,415,5.2,5000,0,2.01E+13
1398,T,416,5.21,9000,0,2.01E+13
1398,T,417,5.21,1000,0,2.01E+13
1398,T,418,5.2,2000,0,2.01E+13
1398,T,419,5.2,1000,0,2.01E+13
1398,T,420,5.21,2000,0,2.01E+13
1398,T,421,5.21,4000,0,2.01E+13
1398,T,422,5.21,1000,0,2.01E+13
1398,T,423,5.2,16000,0,2.01E+13
1398,T,424,5.2,2000,0,2.01E+13
1398,T,425,5.2,21000,0,2.01E+13
1398,T,426,5.2,1000,0,2.01E+13
1398,T,427,5.2,6000,0,2.01E+13
1398,T,428,5.2,6000,0,2.01E+13
1398,T,429,5.2,22000,0,2.01E+13
1398,T,430,5.2,1000,0,2.01E+13
1398,T,431,5.2,10000,0,2.01E+13
1398,T,432,5.2,4000,0,2.01E+13
1398,T,433,5.2,6000,0,2.01E+13
1398,T,434,5.2,45000,0,2.01E+13
1398,T,435,5.2,9000,0,2.01E+13
1398,T,436,5.2,5000,0,2.01E+13
1398,T,437,5.2,60000,0,2.01E+13
1398,T,438,5.2,137000,0,2.01E+13
1398,T,439,5.2,17000,0,2.01E+13
1398,T,440,5.2,17000,0,2.01E+13
1398,T,441,5.2,1000,101,2.01E+13
1398,T,442,5.2,5000,101,2.01E+13
1398,T,443,5.2,2000,101,2.01E+13
1398,T,444,5.2,2000,101,2.01E+13
1398,T,445,5.2,7000,101,2.01E+13
1398,T,446,5.2,3000,101,2.01E+13
1398,T,447,5.2,2000,101,2.01E+13
1398,T,448,5.21,1000,0,2.01E+13
1398,T,449,5.21,17000,0,2.01E+13
1398,T,450,5.21,24000,0,2.01E+13
1398,T,451,5.21,1000,0,2.01E+13
1398,T,452,5.21,59000,0,2.01E+13
1398,T,453,5.21,17000,0,2.01E+13
1398,T,454,5.21,19000,0,2.01E+13
1398,T,455,5.21,47000,0,2.01E+13
1398,T,456,5.21,15000,0,2.01E+13
1398,T,457,5.21,15000,0,2.01E+13
1398,T,458,5.21,15000,0,2.01E+13
1398,T,459,5.21,1000,0,2.01E+13
1398,T,460,5.2,60000,0,2.01E+13
1398,T,461,5.2,43000,0,2.01E+13
1398,T,462,5.19,3000,0,2.01E+13
1398,T,463,5.2,8000,0,2.01E+13
1398,T,464,5.2,1000,0,2.01E+13
1398,T,465,5.19,1000,0,2.01E+13
1398,T,466,5.2,2000,0,2.01E+13
1398,T,467,5.2,3000,0,2.01E+13
1398,T,468,5.19,17000,0,2.01E+13
1398,T,469,5.19,56000,0,2.01E+13
1398,T,470,5.19,29000,0,2.01E+13
1398,T,471,5.19,11000,0,2.01E+13
1398,T,472,5.19,1000,0,2.01E+13
1398,T,473,5.19,5000,0,2.01E+13
1398,T,474,5.19,33000,0,2.01E+13
1398,T,475,5.19,10000,0,2.01E+13
1398,T,476,5.19,20000,0,2.01E+13
1398,T,477,5.19,3000,0,2.01E+13
1398,T,478,5.19,9000,0,2.01E+13
1398,T,479,5.19,11000,0,2.01E+13
1398,T,480,5.19,3000,0,2.01E+13
1398,T,481,5.195,1000,101,2.01E+13
1398,T,482,5.19,31000,0,2.01E+13
1398,T,483,5.19,47000,0,2.01E+13
1398,T,484,5.2,52000,100,2.01E+13
1398,T,485,5.2,29000,0,2.01E+13
1398,T,486,5.2,1000,0,2.01E+13
1398,T,487,5.2,20000,0,2.01E+13
1398,T,488,5.2,26000,0,2.01E+13
1398,T,489,5.2,2000,0,2.01E+13
1398,T,490,5.2,5000,0,2.01E+13
1398,T,491,5.2,20000,0,2.01E+13
1398,T,492,5.2,4000,0,2.01E+13
1398,T,493,5.2,22000,0,2.01E+13
1398,T,494,5.2,3000,0,2.01E+13
1398,T,495,5.2,10000,0,2.01E+13
1398,T,496,5.21,62000,0,2.01E+13
1398,T,497,5.21,59000,0,2.01E+13
1398,T,498,5.21,1000,0,2.01E+13
1398,T,499,5.21,32000,0,2.01E+13
1398,T,500,5.21,1000,0,2.01E+13
1398,T,501,5.21,17000,0,2.01E+13
1398,T,502,5.21,23000,0,2.01E+13
1398,T,503,5.19,3000,0,2.01E+13
1398,T,504,5.19,4000,0,2.01E+13
1398,T,505,5.2,1000,0,2.01E+13
1398,T,506,5.2,7000,0,2.01E+13
1398,T,507,5.21,30000,0,2.01E+13
1398,T,508,5.19,16000,0,2.01E+13
1398,T,509,5.19,30000,0,2.01E+13
1398,T,510,5.19,29000,0,2.01E+13
1398,T,511,5.19,10000,0,2.01E+13
1398,T,512,5.19,20000,0,2.01E+13
1398,T,513,5.19,9000,0,2.01E+13
1398,T,514,5.19,2000,0,2.01E+13
1398,T,515,5.14,400,102,2.01E+13
1398,T,516,5.2,1000,0,2.01E+13
1398,T,517,5.2,1000,0,2.01E+13
1398,T,518,5.2,4000,0,2.01E+13
1398,T,519,5.2,1000,0,2.01E+13
1398,T,520,5.2,1000,0,2.01E+13
1398,T,521,5.2,17000,0,2.01E+13
1398,T,522,5.19,19000,0,2.01E+13
1398,T,523,5.19,20000,0,2.01E+13
1398,T,524,5.19,4000,0,2.01E+13
1398,T,525,5.19,16000,0,2.01E+13
1398,T,526,5.19,87000,0,2.01E+13
1398,T,527,5.19,33000,0,2.01E+13
1398,T,528,5.19,58000,0,2.01E+13
1398,T,529,5.19,11000,0,2.01E+13
1398,T,530,5.2,1000,0,2.01E+13
1398,T,531,5.195,2000,101,2.01E+13
1398,T,532,5.195,1000,101,2.01E+13
1398,T,533,5.2,6000,0,2.01E+13
1398,T,534,5.2,14000,0,2.01E+13
1398,T,535,5.19,39000,0,2.01E+13
1398,T,536,5.19,1000,0,2.01E+13
1398,T,537,5.19,8000,0,2.01E+13
1398,T,538,5.19,3000,0,2.01E+13
1398,T,539,5.19,50000,0,2.01E+13
1398,T,540,5.19,2000,0,2.01E+13
1398,T,541,5.19,23000,0,2.01E+13
1398,T,542,5.19,94000,0,2.01E+13
1398,T,543,5.19,12000,0,2.01E+13
1398,T,544,5.19,18000,0,2.01E+13
1398,T,545,5.19,31000,0,2.01E+13
1398,T,546,5.19,1000,0,2.01E+13
1398,T,547,5.19,100000,0,2.01E+13
1398,T,548,5.19,2000,0,2.01E+13
1398,T,549,5.19,1000,0,2.01E+13
1398,T,550,5.19,1000,0,2.01E+13
1398,T,551,5.19,10000,0,2.01E+13
1398,T,552,5.18,46000,0,2.01E+13
1398,T,553,5.18,4000,0,2.01E+13
1398,T,554,5.19,12000,0,2.01E+13
1398,T,555,5.19,20000,0,2.01E+13
1398,T,556,5.19,45000,0,2.01E+13
1398,T,557,5.19,1000,101,2.01E+13
1398,T,558,5.19,500000,0,2.01E+13
1398,T,559,5.2,4000,0,2.01E+13
1398,T,560,5.2,18000,0,2.01E+13
1398,T,561,5.2,63000,0,2.01E+13
1398,T,562,5.2,14000,0,2.01E+13
1398,T,563,5.2,3000,0,2.01E+13
1398,T,564,5.19,9000,0,2.01E+13
1398,T,565,5.2,2000,0,2.01E+13
1398,T,566,5.13,278,102,2.01E+13
1398,T,567,5.19,1000,0,2.01E+13
1398,T,568,5.19,9000,0,2.01E+13
1398,T,569,5.2,2000,0,2.01E+13
1398,T,570,5.2,9000,0,2.01E+13
1398,T,571,5.2,2000,0,2.01E+13
1398,T,572,5.2,10000,0,2.01E+13
1398,T,573,5.2,2000,0,2.01E+13
1398,T,574,5.19,32000,0,2.01E+13
1398,T,575,5.19,7000,0,2.01E+13
1398,T,576,5.19,11000,0,2.01E+13
1398,T,577,5.2,2000,0,2.01E+13
1398,T,578,5.2,9000,0,2.01E+13
1398,T,579,5.2,2000,0,2.01E+13
1398,T,580,5.2,5000,0,2.01E+13
1398,T,581,5.19,10000,0,2.01E+13
1398,T,582,5.2,5000,0,2.01E+13
1398,T,583,5.2,2000,0,2.01E+13
1398,T,584,5.195,1000,101,2.01E+13
1398,T,585,5.19,10000,0,2.01E+13
1398,T,586,5.19,10000,0,2.01E+13
1398,T,587,5.19,1000,0,2.01E+13
1398,T,588,5.19,1000,0,2.01E+13
1398,T,589,5.19,10000,0,2.01E+13
1398,T,590,5.19,118000,0,2.01E+13
1398,T,591,5.19,2000,0,2.01E+13
1398,T,592,5.2,30000,0,2.01E+13
1398,T,593,5.2,10000,0,2.01E+13
1398,T,594,5.2,20000,0,2.01E+13
1398,T,595,5.2,10000,0,2.01E+13
1398,T,596,5.195,2000,101,2.01E+13
1398,T,597,5.195,1000,101,2.01E+13
1398,T,598,5.2,1000,0,2.01E+13
1398,T,599,5.2,30000,0,2.01E+13
1398,T,600,5.2,50000,0,2.01E+13
1398,T,601,5.195,1000,101,2.01E+13
1398,T,602,5.195,1000,101,2.01E+13
1398,T,603,5.2,100000,0,2.01E+13
1398,T,604,5.2,4000,0,2.01E+13
1398,T,605,5.2,13000,0,2.01E+13
1398,T,606,5.2,1000,0,2.01E+13
1398,T,607,5.2,4000,0,2.01E+13
1398,T,608,5.2,1000,0,2.01E+13
1398,T,609,5.2,19000,0,2.01E+13
1398,T,610,5.2,1000,0,2.01E+13
1398,T,611,5.2,54000,0,2.01E+13
1398,T,612,5.2,10000,0,2.01E+13
1398,T,613,5.2,15000,0,2.01E+13
1398,T,614,5.2,23000,0,2.01E+13
1398,T,615,5.2,3000,0,2.01E+13
1398,T,616,5.2,7000,0,2.01E+13
1398,T,617,5.2,34000,0,2.01E+13
1398,T,618,5.2,24000,0,2.01E+13
1398,T,619,5.2,4000,0,2.01E+13
1398,T,620,5.2,18000,0,2.01E+13
1398,T,621,5.2,11000,0,2.01E+13
1398,T,622,5.2,1000,0,2.01E+13
1398,T,623,5.19,30000,0,2.01E+13
1398,T,624,5.2,1000,0,2.01E+13
1398,T,625,5.19,2000,0,2.01E+13
1398,T,626,5.2,8000,0,2.01E+13
1398,T,627,5.2,2000,0,2.01E+13
1398,T,628,5.2,1000,0,2.01E+13
1398,T,629,5.15,200,102,2.01E+13
1398,T,630,5.2,20000,0,2.01E+13
1398,T,631,5.195,1000,101,2.01E+13
1398,T,632,5.15,400,102,2.01E+13
1398,T,633,5.19,10000,0,2.01E+13
1398,T,634,5.2,2000,0,2.01E+13
1398,T,635,5.2,2000,0,2.01E+13
1398,T,636,5.19,2000,0,2.01E+13
1398,T,637,5.2,5000,0,2.01E+13
1398,T,638,5.2,468000,0,2.01E+13
1398,T,639,5.2,32000,0,2.01E+13
1398,T,640,5.2,33000,0,2.01E+13
1398,T,641,5.2,8000,0,2.01E+13
1398,T,642,5.2,3000,0,2.01E+13
1398,T,643,5.2,23000,0,2.01E+13
1398,T,644,5.2,22000,0,2.01E+13
1398,T,645,5.2,10000,0,2.01E+13
1398,T,646,5.2,27000,0,2.01E+13
1398,T,647,5.2,5000,0,2.01E+13
1398,T,648,5.2,35000,0,2.01E+13
1398,T,649,5.2,15000,0,2.01E+13
1398,T,650,5.2,36000,0,2.01E+13
1398,T,651,5.2,27000,0,2.01E+13
1398,T,652,5.2,6000,0,2.01E+13
1398,T,653,5.2,100000,0,2.01E+13
1398,T,654,5.2,79000,0,2.01E+13
1398,T,655,5.2,2000,0,2.01E+13
1398,T,656,5.2,60000,0,2.01E+13
1398,T,657,5.2,403000,0,2.01E+13
1398,T,658,5.2,1000,0,2.01E+13
1398,T,659,5.2,99000,0,2.01E+13
1398,T,660,5.2,5000,0,2.01E+13
1398,T,661,5.2,5000,0,2.01E+13
1398,T,662,5.2,2000,0,2.01E+13
1398,T,663,5.2,6000,0,2.01E+13
1398,T,664,5.2,29000,0,2.01E+13
1398,T,665,5.2,38000,0,2.01E+13
1398,T,666,5.2,43000,0,2.01E+13
1398,T,667,5.2,19000,0,2.01E+13
1398,T,668,5.2,23000,0,2.01E+13
1398,T,669,5.2,1000,0,2.01E+13
1398,T,670,5.2,15000,0,2.01E+13
1398,T,671,5.2,198000,0,2.01E+13
1398,T,672,5.2,79000,0,2.01E+13
1398,T,673,5.2,43000,0,2.01E+13
1398,T,674,5.2,457000,0,2.01E+13
1398,T,675,5.2,156000,0,2.01E+13
1398,T,676,5.2,3000,0,2.01E+13
1398,T,677,5.2,144000,0,2.01E+13
1398,T,678,5.2,159000,0,2.01E+13
1398,T,679,5.21,5000,0,2.01E+13
1398,T,680,5.21,20000,0,2.01E+13
1398,T,681,5.21,20000,0,2.01E+13
1398,T,682,5.21,318000,0,2.01E+13
1398,T,683,5.21,59000,0,2.01E+13
1398,T,684,5.21,2000,0,2.01E+13
1398,T,685,5.21,59000,0,2.01E+13
1398,T,686,5.21,62000,0,2.01E+13
1398,T,687,5.21,173000,0,2.01E+13
1398,T,688,5.2,10000,0,2.01E+13
1398,T,689,5.2,20000,0,2.01E+13
1398,T,690,5.2,10000,0,2.01E+13
1398,T,691,5.2,20000,0,2.01E+13
1398,T,692,5.2,25000,0,2.01E+13
1398,T,693,5.21,50000,0,2.01E+13
1398,T,694,5.2,20000,0,2.01E+13
1398,T,695,5.21,1000,0,2.01E+13
1398,T,696,5.2,8000,0,2.01E+13
1398,T,697,5.21,276000,0,2.01E+13
1398,T,698,5.21,34000,0,2.01E+13
1398,T,699,5.21,22000,0,2.01E+13
1398,T,700,5.21,24000,0,2.01E+13
1398,T,701,5.21,21000,0,2.01E+13
1398,T,702,5.21,72000,0,2.01E+13
1398,T,703,5.21,3000,0,2.01E+13
1398,T,704,5.21,4000,0,2.01E+13
1398,T,705,5.21,2000,0,2.01E+13
1398,T,706,5.21,2000,0,2.01E+13
1398,T,707,5.21,20000,0,2.01E+13
1398,T,708,5.21,1000,0,2.01E+13
1398,T,709,5.21,8000,0,2.01E+13
1398,T,710,5.21,128000,0,2.01E+13
1398,T,711,5.21,13000,0,2.01E+13
1398,T,712,5.21,177000,0,2.01E+13
1398,T,713,5.21,17000,0,2.01E+13
1398,T,714,5.21,3000,0,2.01E+13
1398,T,715,5.21,500000,0,2.01E+13
1398,T,716,5.21,96000,0,2.01E+13
1398,T,717,5.21,79000,0,2.01E+13
1398,T,718,5.21,1000,0,2.01E+13
1398,T,719,5.21,5000,0,2.01E+13
1398,T,720,5.21,79000,0,2.01E+13
1398,T,721,5.21,18000,0,2.01E+13
1398,T,722,5.21,16000,0,2.01E+13
1398,T,723,5.21,379000,0,2.01E+13
1398,T,724,5.21,525000,0,2.01E+13
1398,T,725,5.21,1000,0,2.01E+13
1398,T,726,5.21,12000,0,2.01E+13
1398,T,727,5.205,1000,101,2.01E+13
1398,T,728,5.21,14000,0,2.01E+13
1398,T,729,5.21,15000,0,2.01E+13
1398,T,730,5.2,10000,0,2.01E+13
1398,T,731,5.21,10000,0,2.01E+13
1398,T,732,5.21,2000,0,2.01E+13
1398,T,733,5.21,7000,0,2.01E+13
1398,T,734,5.21,6000,0,2.01E+13
1398,T,735,5.21,1000,0,2.01E+13
1398,T,736,5.21,13000,0,2.01E+13
1398,T,737,5.205,1000,101,2.01E+13
1398,T,738,5.205,1000,101,2.01E+13
1398,T,739,5.205,1000,101,2.01E+13
1398,T,740,5.21,43000,0,2.01E+13
1398,T,741,5.21,17000,0,2.01E+13
1398,T,742,5.21,1000,0,2.01E+13
1398,T,743,5.21,77000,0,2.01E+13
1398,T,744,5.21,144000,0,2.01E+13
1398,T,745,5.21,1000,0,2.01E+13
1398,T,746,5.21,79000,0,2.01E+13
1398,T,747,5.21,250000,0,2.01E+13
1398,T,748,5.21,88000,0,2.01E+13
1398,T,749,5.21,191000,0,2.01E+13
1398,T,750,5.21,250000,0,2.01E+13
1398,T,751,5.21,338000,0,2.01E+13
1398,T,752,5.21,338000,0,2.01E+13
1398,T,753,5.21,226000,0,2.01E+13
1398,T,754,5.21,1000,0,2.01E+13
1398,T,755,5.21,1000,0,2.01E+13
1398,T,756,5.2,20000,0,2.01E+13
1398,T,757,5.21,4000,0,2.01E+13
1398,T,758,5.21,6000,0,2.01E+13
1398,T,759,5.21,16000,0,2.01E+13
1398,T,760,5.21,34000,0,2.01E+13
1398,T,761,5.2,1000,0,2.01E+13
1398,T,762,5.2,75000,0,2.01E+13
1398,T,763,5.2,118000,0,2.01E+13
1398,T,764,5.2,10000,100,2.01E+13
1398,T,765,5.2,1000,0,2.01E+13
1398,T,766,5.2,419000,0,2.01E+13
1398,T,767,5.2,19000,0,2.01E+13
1398,T,768,5.2,9000,0,2.01E+13
1398,T,769,5.2,10000,0,2.01E+13
1398,T,770,5.2,116000,0,2.01E+13
1398,T,771,5.2,10000,0,2.01E+13
1398,T,772,5.2,1000,0,2.01E+13
1398,T,773,5.2,2000,0,2.01E+13
1398,T,774,5.2,8000,0,2.01E+13
1398,T,775,5.2,10000,0,2.01E+13
1398,T,776,5.2,2000,0,2.01E+13
1398,T,777,5.2,1000,0,2.01E+13
1398,T,778,5.2,10000,0,2.01E+13
1398,T,779,5.2,38000,0,2.01E+13
1398,T,780,5.2,20000,0,2.01E+13
1398,T,781,5.2,182000,0,2.01E+13
1398,T,782,5.2,10000,0,2.01E+13
1398,T,783,5.2,820000,0,2.01E+13
1398,T,784,5.2,86000,0,2.01E+13
1398,T,785,5.2,523000,0,2.01E+13
1398,T,786,5.2,1082000,0,2.01E+13
1398,T,787,5.2,1000,0,2.01E+13
1398,T,788,5.2,91000,0,2.01E+13
1398,T,789,5.2,4000,0,2.01E+13
1398,T,790,5.19,836000,0,2.01E+13
1398,T,791,5.19,2000,0,2.01E+13
1398,T,792,5.19,11000,0,2.01E+13
1398,T,793,5.19,10000,0,2.01E+13
1398,T,794,5.19,5000,0,2.01E+13
1398,T,795,5.19,1000,0,2.01E+13
1398,T,796,5.19,10000,0,2.01E+13
1398,T,797,5.19,14000,0,2.01E+13
1398,T,798,5.19,1000,0,2.01E+13
1398,T,799,5.19,46000,0,2.01E+13
1398,T,800,5.19,26000,0,2.01E+13
1398,T,801,5.19,11000,0,2.01E+13
1398,T,802,5.19,11000,0,2.01E+13
1398,T,803,5.19,12000,0,2.01E+13
1398,T,804,5.19,11000,0,2.01E+13
1398,T,805,5.19,45000,0,2.01E+13
1398,T,806,5.19,12000,0,2.01E+13
1398,T,807,5.2,3000,0,2.01E+13
1398,T,808,5.2,15000,0,2.01E+13
1398,T,809,5.2,40000,0,2.01E+13
1398,T,810,5.2,98000,0,2.01E+13
1398,T,811,5.2,1000,0,2.01E+13
1398,T,812,5.2,23000,0,2.01E+13
1398,T,813,5.2,32000,0,2.01E+13
1398,T,814,5.2,36000,0,2.01E+13
1398,T,815,5.19,10000,0,2.01E+13
1398,T,816,5.2,15000,0,2.01E+13
1398,T,817,5.2,65000,0,2.01E+13
1398,T,818,5.19,12000,0,2.01E+13
1398,T,819,5.19,22000,0,2.01E+13
1398,T,820,5.19,24000,0,2.01E+13
1398,T,821,5.19,22000,0,2.01E+13
1398,T,822,5.2,10000,0,2.01E+13
1398,T,823,5.19,4000,0,2.01E+13
1398,T,824,5.19,200000,0,2.01E+13
1398,T,825,5.19,20000,0,2.01E+13
1398,T,826,5.19,10000,0,2.01E+13
1398,T,827,5.19,7000,0,2.01E+13
1398,T,828,5.19,13000,0,2.01E+13
1398,T,829,5.19,2000,0,2.01E+13
1398,T,830,5.19,27000,100,2.01E+13
1398,T,831,5.19,3000,0,2.01E+13
1398,T,832,5.19,7000,0,2.01E+13
1398,T,833,5.19,10000,0,2.01E+13
1398,T,834,5.19,1000,0,2.01E+13
1398,T,835,5.19,1000,0,2.01E+13
1398,T,836,5.19,8000,0,2.01E+13
1398,T,837,5.19,1000,0,2.01E+13
1398,T,838,5.19,1000,0,2.01E+13
1398,T,839,5.19,40000,0,2.01E+13
1398,T,840,5.19,6000,0,2.01E+13
1398,T,841,5.15,90,102,2.01E+13
1398,T,842,5.19,12000,0,2.01E+13
1398,T,843,5.19,16000,0,2.01E+13
1398,T,844,5.19,4000,0,2.01E+13
1398,T,845,5.19,2000,0,2.01E+13
1398,T,846,5.19,1000,0,2.01E+13
1398,T,847,5.19,97000,0,2.01E+13
1398,T,848,5.18,10000,0,2.01E+13
1398,T,849,5.19,3000,0,2.01E+13
1398,T,850,5.19,7000,0,2.01E+13
1398,T,851,5.19,9000,0,2.01E+13
1398,T,852,5.19,33000,0,2.01E+13
1398,T,853,5.19,35000,0,2.01E+13
1398,T,854,5.19,30000,0,2.01E+13
1398,T,855,5.19,83000,0,2.01E+13
1398,T,856,5.19,67000,0,2.01E+13
1398,T,857,5.19,4000,0,2.01E+13
1398,T,858,5.19,38000,0,2.01E+13
1398,T,859,5.19,2000,0,2.01E+13
1398,T,860,5.19,37000,0,2.01E+13
1398,T,861,5.19,125000,0,2.01E+13
1398,T,862,5.2,10000,0,2.01E+13
1398,T,863,5.2,10000,100,2.01E+13
1398,T,864,5.2,19000,0,2.01E+13
1398,T,865,5.2,17000,0,2.01E+13
1398,T,866,5.2,4000,0,2.01E+13
1398,T,867,5.2,12000,0,2.01E+13
1398,T,868,5.2,36000,0,2.01E+13
1398,T,869,5.2,15000,0,2.01E+13
1398,T,870,5.2,87000,0,2.01E+13
1398,T,871,5.19,37000,0,2.01E+13
1398,T,872,5.19,1000,0,2.01E+13
1398,T,873,5.19,1000,0,2.01E+13
1398,T,874,5.19,18000,0,2.01E+13
1398,T,875,5.19,10000,0,2.01E+13
1398,T,876,5.2,130000,0,2.01E+13
1398,T,877,5.2,6000,0,2.01E+13
1398,T,878,5.2,23000,0,2.01E+13
1398,T,879,5.2,5000,0,2.01E+13
1398,T,880,5.2,35000,0,2.01E+13
1398,T,881,5.2,28000,0,2.01E+13
1398,T,882,5.2,500000,0,2.01E+13
1398,T,883,5.2,3000,0,2.01E+13
1398,T,884,5.2,20000,0,2.01E+13
1398,T,885,5.2,194000,0,2.01E+13
1398,T,886,5.2,57000,0,2.01E+13
1398,T,887,5.2,26000,0,2.01E+13
1398,T,888,5.2,1000,0,2.01E+13
1398,T,889,5.2,23000,0,2.01E+13
1398,T,890,5.2,3000,0,2.01E+13
1398,T,891,5.2,5000,0,2.01E+13
1398,T,892,5.2,21000,0,2.01E+13
1398,T,893,5.2,117000,0,2.01E+13
1398,T,894,5.2,111000,0,2.01E+13
1398,T,895,5.2,16000,0,2.01E+13
1398,T,896,5.2,12000,0,2.01E+13
1398,T,897,5.2,1000,0,2.01E+13
1398,T,898,5.2,210000,0,2.01E+13
1398,T,899,5.205,1000,101,2.01E+13
1398,T,900,5.2,5000,0,2.01E+13
1398,T,901,5.2,200000,0,2.01E+13
1398,T,902,5.2,20000,0,2.01E+13
1398,T,903,5.2,200000,0,2.01E+13
1398,T,904,5.2,206000,0,2.01E+13
1398,T,905,5.2,206000,0,2.01E+13
1398,T,906,5.2,250000,0,2.01E+13
1398,T,907,5.2,348000,0,2.01E+13
1398,T,908,5.2,38000,0,2.01E+13
1398,T,909,5.2,95000,0,2.01E+13
1398,T,910,5.2,1000,0,2.01E+13
1398,T,911,5.2,1000,0,2.01E+13
1398,T,912,5.2,10000,0,2.01E+13
1398,T,913,5.19,45000,0,2.01E+13
1398,T,914,5.19,10000,0,2.01E+13
1398,T,915,5.19,6000,0,2.01E+13
1398,T,916,5.19,18000,0,2.01E+13
1398,T,917,5.19,11000,0,2.01E+13
1398,T,918,5.19,46000,0,2.01E+13
1398,T,919,5.19,75000,0,2.01E+13
1398,T,920,5.19,23000,0,2.01E+13
1398,T,921,5.19,94000,0,2.01E+13
1398,T,922,5.19,300000,0,2.01E+13
1398,T,923,5.19,106000,0,2.01E+13
1398,T,924,5.19,18000,0,2.01E+13
1398,T,925,5.19,10000,0,2.01E+13
1398,T,926,5.19,20000,0,2.01E+13
1398,T,927,5.19,21000,0,2.01E+13
1398,T,928,5.19,17000,0,2.01E+13
1398,T,929,5.19,483000,0,2.01E+13
1398,T,930,5.19,5000,0,2.01E+13
1398,T,931,5.19,20000,0,2.01E+13
1398,T,932,5.19,1000,0,2.01E+13
1398,T,933,5.19,1000,0,2.01E+13
1398,T,934,5.19,10000,0,2.01E+13
1398,T,935,5.19,5000,0,2.01E+13
1398,T,936,5.18,11000,0,2.01E+13
1398,T,937,5.19,1000,0,2.01E+13
1398,T,938,5.19,1000,0,2.01E+13
1398,T,939,5.19,1000,0,2.01E+13
1398,T,940,5.19,6000,0,2.01E+13
1398,T,941,5.19,5000,0,2.01E+13
1398,T,942,5.19,5000,0,2.01E+13
1398,T,943,5.19,49000,0,2.01E+13
1398,T,944,5.19,1000,0,2.01E+13
1398,T,945,5.19,33000,0,2.01E+13
1398,T,946,5.19,49000,0,2.01E+13
1398,T,947,5.19,2000,100,2.01E+13
1398,T,948,5.19,5000,0,2.01E+13
1398,T,949,5.19,111000,0,2.01E+13
1398,T,950,5.19,10000,0,2.01E+13
1398,T,951,5.18,10000,0,2.01E+13
1398,T,952,5.19,17000,0,2.01E+13
1398,T,953,5.19,50000,0,2.01E+13
1398,T,954,5.19,4000,0,2.01E+13
1398,T,955,5.19,10000,0,2.01E+13
1398,T,956,5.19,20000,0,2.01E+13
1398,T,957,5.18,10000,0,2.01E+13
1398,T,958,5.19,20000,0,2.01E+13
1398,T,959,5.18,10000,0,2.01E+13
1398,T,960,5.18,80000,0,2.01E+13
1398,T,961,5.19,2000,0,2.01E+13
1398,T,962,5.18,18000,0,2.01E+13
1398,T,963,5.185,1000,101,2.01E+13
1398,T,964,5.18,4000,0,2.01E+13
1398,T,965,5.185,1000,101,2.01E+13
1398,T,966,5.19,6000,0,2.01E+13
1398,T,967,5.19,120000,0,2.01E+13
1398,T,968,5.19,2000,0,2.01E+13
1398,T,969,5.19,28000,0,2.01E+13
1398,T,970,5.19,21000,0,2.01E+13
1398,T,971,5.19,23000,0,2.01E+13
1398,T,972,5.19,33000,0,2.01E+13
1398,T,973,5.19,31000,0,2.01E+13
1398,T,974,5.19,1000,0,2.01E+13
1398,T,975,5.19,5000,0,2.01E+13
1398,T,976,5.19,20000,0,2.01E+13
1398,T,977,5.19,13000,100,2.01E+13
1398,T,978,5.19,25000,0,2.01E+13
1398,T,979,5.19,21000,0,2.01E+13
1398,T,980,5.19,25000,0,2.01E+13
1398,T,981,5.19,1000,0,2.01E+13
1398,T,982,5.19,6000,0,2.01E+13
1398,T,983,5.19,19000,0,2.01E+13
1398,T,984,5.18,3000,0,2.01E+13
1398,T,985,5.18,1000,0,2.01E+13
1398,T,986,5.18,120000,0,2.01E+13
1398,T,987,5.18,4000,0,2.01E+13
1398,T,988,5.18,40000,0,2.01E+13
1398,T,989,5.18,100000,0,2.01E+13
1398,T,990,5.18,10000,0,2.01E+13
1398,T,991,5.18,5000,0,2.01E+13
1398,T,992,5.18,10000,0,2.01E+13
1398,T,993,5.18,8000,0,2.01E+13
1398,T,994,5.18,20000,0,2.01E+13
1398,T,995,5.18,257000,0,2.01E+13
1398,T,996,5.18,20000,0,2.01E+13
1398,T,997,5.18,30000,0,2.01E+13
1398,T,998,5.18,26000,0,2.01E+13
1398,T,999,5.19,13000,0,2.01E+13
1398,T,1000,5.18,50000,0,2.01E+13
1398,T,1001,5.19,10000,0,2.01E+13
1398,T,1002,5.19,3000,0,2.01E+13
1398,T,1003,5.19,1000,0,2.01E+13
1398,T,1004,5.18,10000,0,2.01E+13
1398,T,1005,5.19,1000,0,2.01E+13
1398,T,1006,5.19,3000,0,2.01E+13
1398,T,1007,5.19,1000,0,2.01E+13
1398,T,1008,5.19,118000,0,2.01E+13
1398,T,1009,5.19,1000,0,2.01E+13
1398,T,1010,5.19,50000,0,2.01E+13
1398,T,1011,5.18,21000,0,2.01E+13
1398,T,1012,5.19,10000,0,2.01E+13
1398,T,1013,5.19,2000,0,2.01E+13
1398,T,1014,5.19,6000,0,2.01E+13
1398,T,1015,5.19,3000,0,2.01E+13
1398,T,1016,5.19,85000,0,2.01E+13
1398,T,1017,5.19,6000,0,2.01E+13
1398,T,1018,5.19,8000,0,2.01E+13
1398,T,1019,5.19,9000,0,2.01E+13
1398,T,1020,5.19,2000,0,2.01E+13
1398,T,1021,5.19,9000,0,2.01E+13
1398,T,1022,5.19,1000,0,2.01E+13
1398,T,1023,5.19,3000,0,2.01E+13
1398,T,1024,5.19,11000,0,2.01E+13
1398,T,1025,5.19,5000,0,2.01E+13
1398,T,1026,5.19,1000,0,2.01E+13
1398,T,1027,5.19,30000,0,2.01E+13
1398,T,1028,5.19,7000,0,2.01E+13
1398,T,1029,5.19,7000,0,2.01E+13
1398,T,1030,5.185,1000,101,2.01E+13
1398,T,1031,5.18,20000,100,2.01E+13
1398,T,1032,5.19,9000,0,2.01E+13
1398,T,1033,5.19,1000,0,2.01E+13
1398,T,1034,5.19,1000,0,2.01E+13
1398,T,1035,5.18,10000,0,2.01E+13
1398,T,1036,5.19,3000,0,2.01E+13
1398,T,1037,5.18,1000,101,2.01E+13
1398,T,1038,5.18,2000,101,2.01E+13
1398,T,1039,5.19,1000,0,2.01E+13
1398,T,1040,5.18,47000,0,2.01E+13
1398,T,1041,5.19,14000,0,2.01E+13
1398,T,1042,5.19,6000,0,2.01E+13
1398,T,1043,5.19,3000,0,2.01E+13
1398,T,1044,5.19,8000,0,2.01E+13
1398,T,1045,5.19,4000,0,2.01E+13
1398,T,1046,5.19,1000,0,2.01E+13
1398,T,1047,5.19,24000,0,2.01E+13
1398,T,1048,5.19,4000,0,2.01E+13
1398,T,1049,5.19,2000,0,2.01E+13
1398,T,1050,5.19,1000,0,2.01E+13
1398,T,1051,5.18,5000,0,2.01E+13
1398,T,1052,5.19,8000,0,2.01E+13
1398,T,1053,5.19,1000,0,2.01E+13
1398,T,1054,5.19,1000,0,2.01E+13
1398,T,1055,5.19,9000,0,2.01E+13
1398,T,1056,5.19,1000,0,2.01E+13
1398,T,1057,5.19,4000,0,2.01E+13
1398,T,1058,5.19,1000,0,2.01E+13
1398,T,1059,5.19,2000,0,2.01E+13
1398,T,1060,5.19,1000,0,2.01E+13
1398,T,1061,5.19,8000,0,2.01E+13
1398,T,1062,5.19,8000,0,2.01E+13
1398,T,1063,5.19,1000,0,2.01E+13
1398,T,1064,5.19,1000,0,2.01E+13
1398,T,1065,5.19,2000,0,2.01E+13
1398,T,1066,5.19,5000,0,2.01E+13
1398,T,1067,5.19,12000,0,2.01E+13
1398,T,1068,5.19,4000,0,2.01E+13
1398,T,1069,5.19,2000,0,2.01E+13
1398,T,1070,5.19,7000,0,2.01E+13
1398,T,1071,5.19,3000,0,2.01E+13
1398,T,1072,5.19,3000,0,2.01E+13
1398,T,1073,5.18,10000,0,2.01E+13
1398,T,1074,5.19,1000,0,2.01E+13
1398,T,1075,5.19,1000,0,2.01E+13
1398,T,1076,5.19,1000,0,2.01E+13
1398,T,1077,5.18,20000,100,2.01E+13
1398,T,1078,5.19,10000,0,2.01E+13
1398,T,1079,5.19,16000,0,2.01E+13
1398,T,1080,5.19,33000,0,2.01E+13
1398,T,1081,5.19,29000,0,2.01E+13
1398,T,1082,5.19,3000,0,2.01E+13
1398,T,1083,5.19,200000,0,2.01E+13
1398,T,1084,5.19,5000,0,2.01E+13
1398,T,1085,5.19,1000,0,2.01E+13
1398,T,1086,5.19,207000,0,2.01E+13
1398,T,1087,5.19,34000,0,2.01E+13
1398,T,1088,5.19,31000,0,2.01E+13
1398,T,1089,5.19,26000,0,2.01E+13
1398,T,1090,5.19,31000,0,2.01E+13
1398,T,1091,5.19,26000,0,2.01E+13
1398,T,1092,5.19,13000,0,2.01E+13
1398,T,1093,5.19,5000,0,2.01E+13
1398,T,1094,5.19,193000,0,2.01E+13
1398,T,1095,5.19,100000,0,2.01E+13
1398,T,1096,5.19,10000,0,2.01E+13
1398,T,1097,5.19,11000,0,2.01E+13
1398,T,1098,5.19,2000,0,2.01E+13
1398,T,1099,5.19,12000,0,2.01E+13
1398,T,1100,5.19,11000,0,2.01E+13
1398,T,1101,5.19,12000,0,2.01E+13
1398,T,1102,5.19,11000,0,2.01E+13
1398,T,1103,5.19,11000,0,2.01E+13
1398,T,1104,5.19,11000,0,2.01E+13
1398,T,1105,5.19,35000,0,2.01E+13
1398,T,1106,5.19,36000,0,2.01E+13
1398,T,1107,5.19,31000,0,2.01E+13
1398,T,1108,5.19,100000,0,2.01E+13
1398,T,1109,5.19,9000,0,2.01E+13
1398,T,1110,5.19,12000,0,2.01E+13
1398,T,1111,5.19,4000,0,2.01E+13
1398,T,1112,5.19,12000,0,2.01E+13
1398,T,1113,5.19,128000,0,2.01E+13
1398,T,1114,5.19,20000,0,2.01E+13
1398,T,1115,5.19,17000,0,2.01E+13
1398,T,1116,5.19,1000,0,2.01E+13
1398,T,1117,5.19,11000,0,2.01E+13
1398,T,1118,5.19,12000,0,2.01E+13
1398,T,1119,5.19,11000,0,2.01E+13
1398,T,1120,5.19,6000,0,2.01E+13
1398,T,1121,5.19,6000,0,2.01E+13
1398,T,1122,5.2,7000,0,2.01E+13
1398,T,1123,5.2,1000,0,2.01E+13
1398,T,1124,5.2,3000,0,2.01E+13
1398,T,1125,5.2,1000,0,2.01E+13
1398,T,1126,5.2,4000,0,2.01E+13
1398,T,1127,5.2,11000,0,2.01E+13
1398,T,1128,5.2,27000,0,2.01E+13
1398,T,1129,5.2,1000,0,2.01E+13
1398,T,1130,5.2,1000,0,2.01E+13
1398,T,1131,5.2,3000,0,2.01E+13
1398,T,1132,5.2,10000,0,2.01E+13
1398,T,1133,5.2,1000,0,2.01E+13
1398,T,1134,5.2,2000,0,2.01E+13
1398,T,1135,5.2,1000,0,2.01E+13
1398,T,1136,5.2,12000,0,2.01E+13
1398,T,1137,5.195,1000,101,2.01E+13
1398,T,1138,5.2,3000,0,2.01E+13
1398,T,1139,5.2,3000,0,2.01E+13
1398,T,1140,5.2,5000,0,2.01E+13
1398,T,1141,5.2,5000,0,2.01E+13
1398,T,1142,5.2,20000,0,2.01E+13
1398,T,1143,5.2,9000,0,2.01E+13
1398,T,1144,5.2,1000,0,2.01E+13
1398,T,1145,5.2,5000,0,2.01E+13
1398,T,1146,5.2,1000,0,2.01E+13
1398,T,1147,5.2,18000,0,2.01E+13
1398,T,1148,5.2,1000,0,2.01E+13
1398,T,1149,5.2,2000,0,2.01E+13
1398,T,1150,5.2,20000,0,2.01E+13
1398,T,1151,5.2,2000,0,2.01E+13
1398,T,1152,5.2,1000,0,2.01E+13
1398,T,1153,5.2,4000,0,2.01E+13
1398,T,1154,5.2,2000,0,2.01E+13
1398,T,1155,5.2,7000,0,2.01E+13
1398,T,1156,5.2,2000,0,2.01E+13
1398,T,1157,5.2,2000,0,2.01E+13
1398,T,1158,5.2,10000,0,2.01E+13
1398,T,1159,5.2,6000,0,2.01E+13
1398,T,1160,5.2,1000,0,2.01E+13
1398,T,1161,5.2,6000,0,2.01E+13
1398,T,1162,5.2,213000,0,2.01E+13
1398,T,1163,5.19,10000,0,2.01E+13
1398,T,1164,5.2,32000,0,2.01E+13
1398,T,1165,5.19,200000,0,2.01E+13
1398,T,1166,5.2,18000,0,2.01E+13
1398,T,1167,5.2,1000,0,2.01E+13
1398,T,1168,5.195,7000,101,2.01E+13
1398,T,1169,5.19,5000,0,2.01E+13
1398,T,1170,5.2,1000,0,2.01E+13
1398,T,1171,5.2,1000,0,2.01E+13
1398,T,1172,5.2,1000,0,2.01E+13
1398,T,1173,5.2,60000,0,2.01E+13
1398,T,1174,5.19,8000,0,2.01E+13
1398,T,1175,5.2,167000,0,2.01E+13
1398,T,1176,5.2,24000,0,2.01E+13
1398,T,1177,5.2,26000,0,2.01E+13
1398,T,1178,5.2,29000,0,2.01E+13
1398,T,1179,5.2,1000,0,2.01E+13
1398,T,1180,5.2,4000,0,2.01E+13
1398,T,1181,5.2,3000,0,2.01E+13
1398,T,1182,5.2,500000,0,2.01E+13
1398,T,1183,5.2,29000,0,2.01E+13
1398,T,1184,5.2,20000,0,2.01E+13
1398,T,1185,5.2,10000,0,2.01E+13
1398,T,1186,5.2,4000,0,2.01E+13
1398,T,1187,5.2,8000,0,2.01E+13
1398,T,1188,5.2,20000,0,2.01E+13
1398,T,1189,5.2,1000,0,2.01E+13
1398,T,1190,5.2,10000,0,2.01E+13
1398,T,1191,5.2,5000,0,2.01E+13
1398,T,1192,5.2,3000,0,2.01E+13
1398,T,1193,5.2,5000,0,2.01E+13
1398,T,1194,5.2,10000,0,2.01E+13
1398,T,1195,5.2,207000,0,2.01E+13
1398,T,1196,5.2,188000,0,2.01E+13
1398,T,1197,5.2,32000,0,2.01E+13
1398,T,1198,5.2,1000,0,2.01E+13
1398,T,1199,5.2,160000,0,2.01E+13
1398,T,1200,5.2,58000,0,2.01E+13
1398,T,1201,5.2,141000,0,2.01E+13
1398,T,1202,5.2,18000,0,2.01E+13
1398,T,1203,5.2,4000,0,2.01E+13
1398,T,1204,5.2,312000,0,2.01E+13
1398,T,1205,5.2,192000,0,2.01E+13
1398,T,1206,5.2,496000,0,2.01E+13
1398,T,1207,5.2,6000,0,2.01E+13
1398,T,1208,5.2,10000,0,2.01E+13
1398,T,1209,5.2,46000,0,2.01E+13
1398,T,1210,5.2,10000,0,2.01E+13
1398,T,1211,5.2,10000,0,2.01E+13
1398,T,1212,5.2,4000,0,2.01E+13
1398,T,1213,5.2,22000,0,2.01E+13
1398,T,1214,5.2,1000,0,2.01E+13
1398,T,1215,5.2,2000,0,2.01E+13
1398,T,1216,5.2,8000,0,2.01E+13
1398,T,1217,5.2,2000,0,2.01E+13
1398,T,1218,5.2,36000,0,2.01E+13
1398,T,1219,5.2,28000,0,2.01E+13
1398,T,1220,5.2,227000,0,2.01E+13
1398,T,1221,5.2,457000,0,2.01E+13
1398,T,1222,5.2,67000,0,2.01E+13
1398,T,1223,5.2,1000,0,2.01E+13
1398,T,1224,5.2,1000,0,2.01E+13
1398,T,1225,5.2,1000,0,2.01E+13
1398,T,1226,5.2,1000,0,2.01E+13
1398,T,1227,5.2,15000,0,2.01E+13
1398,T,1228,5.2,9000,0,2.01E+13
1398,T,1229,5.2,1000,0,2.01E+13
1398,T,1230,5.2,6000,0,2.01E+13
1398,T,1231,5.2,15000,0,2.01E+13
1398,T,1232,5.2,1000,0,2.01E+13
1398,T,1233,5.2,1000,0,2.01E+13
1398,T,1234,5.2,1000,0,2.01E+13
1398,T,1235,5.2,5000,0,2.01E+13
1398,T,1236,5.2,22000,0,2.01E+13
1398,T,1237,5.2,5000,0,2.01E+13
1398,T,1238,5.2,1000,0,2.01E+13
1398,T,1239,5.2,1000,0,2.01E+13
1398,T,1240,5.2,3000,0,2.01E+13
1398,T,1241,5.2,1000,0,2.01E+13
1398,T,1242,5.21,1000,0,2.01E+13
1398,T,1243,5.2,1000,101,2.01E+13
1398,T,1244,5.2,1000,101,2.01E+13
1398,T,1245,5.2,1000,101,2.01E+13
1398,T,1246,5.2,10000,0,2.01E+13
1398,T,1247,5.2,33000,0,2.01E+13
1398,T,1248,5.19,131000,0,2.01E+13
1398,T,1249,5.19,9000,0,2.01E+13
1398,T,1250,5.19,17000,0,2.01E+13
1398,T,1251,5.21,3000,0,2.01E+13
1398,T,1252,5.21,5000,0,2.01E+13
1398,T,1253,5.21,6000,0,2.01E+13
1398,T,1254,5.21,36000,0,2.01E+13
1398,T,1255,5.2,20000,0,2.01E+13
1398,T,1256,5.21,5000,0,2.01E+13
1398,T,1257,5.2,5000,0,2.01E+13
1398,T,1258,5.2,2000,0,2.01E+13
1398,T,1259,5.21,2000,0,2.01E+13
1398,T,1260,5.2,133000,0,2.01E+13
1398,T,1261,5.2,367000,0,2.01E+13
1398,T,1262,5.21,125000,0,2.01E+13
1398,T,1263,5.2,10000,0,2.01E+13
1398,T,1264,5.21,2000,0,2.01E+13
1398,T,1265,5.2,123000,0,2.01E+13
1398,T,1266,5.2,1000,0,2.01E+13
1398,T,1267,5.2,2000,0,2.01E+13
1398,T,1268,5.2,15000,0,2.01E+13
1398,T,1269,5.2,54000,0,2.01E+13
1398,T,1270,5.2,1000,0,2.01E+13
1398,T,1271,5.19,30000,0,2.01E+13
1398,T,1272,5.19,7000,0,2.01E+13
1398,T,1273,5.19,10000,0,2.01E+13
1398,T,1274,5.19,67000,0,2.01E+13
1398,T,1275,5.19,1000,0,2.01E+13
1398,T,1276,5.19,1000,0,2.01E+13
1398,T,1277,5.19,193000,0,2.01E+13
1398,T,1278,5.21,127000,0,2.01E+13
1398,T,1279,5.2,10000,0,2.01E+13
1398,T,1280,5.2,2000,0,2.01E+13
1398,T,1281,5.2,192000,0,2.01E+13
1398,T,1282,5.2,46000,0,2.01E+13
1398,T,1283,5.2,146000,0,2.01E+13
1398,T,1284,5.2,8000,0,2.01E+13
1398,T,1285,5.2,13000,0,2.01E+13
1398,T,1286,5.2,11000,0,2.01E+13
1398,T,1287,5.2,25000,0,2.01E+13
1398,T,1288,5.2,11000,0,2.01E+13
1398,T,1289,5.2,2000,0,2.01E+13
1398,T,1290,5.2,1000,0,2.01E+13
1398,T,1291,5.2,11000,0,2.01E+13
1398,T,1292,5.2,3000,0,2.01E+13
1398,T,1293,5.2,172000,0,2.01E+13
1398,T,1294,5.2,20000,0,2.01E+13
1398,T,1295,5.2,1000,0,2.01E+13
1398,T,1296,5.2,16000,0,2.01E+13
1398,T,1297,5.2,10000,0,2.01E+13
1398,T,1298,5.21,55000,0,2.01E+13
1398,T,1299,5.2,90000,0,2.01E+13
1398,T,1300,5.21,22000,0,2.01E+13
1398,T,1301,5.21,500000,0,2.01E+13
1398,T,1302,5.21,16000,0,2.01E+13
1398,T,1303,5.21,105000,0,2.01E+13
1398,T,1304,5.21,4000,0,2.01E+13
1398,T,1305,5.2,10000,0,2.01E+13
1398,T,1306,5.21,1000,0,2.01E+13
1398,T,1307,5.21,20000,0,2.01E+13
1398,T,1308,5.21,20000,0,2.01E+13
1398,T,1309,5.21,29000,0,2.01E+13
1398,T,1310,5.21,2000,0,2.01E+13
1398,T,1311,5.21,193000,0,2.01E+13
1398,T,1312,5.21,70000,0,2.01E+13
1398,T,1313,5.21,165000,0,2.01E+13
1398,T,1314,5.21,128000,0,2.01E+13
1398,T,1315,5.21,5000,0,2.01E+13
1398,T,1316,5.205,1000,101,2.01E+13
1398,T,1317,5.21,50000,0,2.01E+13
1398,T,1318,5.21,13000,0,2.01E+13
1398,T,1319,5.21,100000,0,2.01E+13
1398,T,1320,5.21,25000,0,2.01E+13
1398,T,1321,5.2,10000,0,2.01E+13
1398,T,1322,5.21,3000,0,2.01E+13
1398,T,1323,5.2,15000,0,2.01E+13
1398,T,1324,5.21,4000,0,2.01E+13
1398,T,1325,5.2,5000,0,2.01E+13
1398,T,1326,5.21,1000,0,2.01E+13
1398,T,1327,5.21,6000,0,2.01E+13
1398,T,1328,5.21,14000,0,2.01E+13
1398,T,1329,5.21,5000,0,2.01E+13
1398,T,1330,5.21,2000,0,2.01E+13
1398,T,1331,5.21,2000,0,2.01E+13
1398,T,1332,5.21,1000,0,2.01E+13
1398,T,1333,5.2,57000,0,2.01E+13
1398,T,1334,5.2,94000,0,2.01E+13
1398,T,1335,5.2,10000,0,2.01E+13
1398,T,1336,5.2,9000,0,2.01E+13
1398,T,1337,5.2,1000,0,2.01E+13
1398,T,1338,5.2,78000,0,2.01E+13
1398,T,1339,5.21,2000,0,2.01E+13
1398,T,1340,5.21,48000,0,2.01E+13
1398,T,1341,5.21,1000,0,2.01E+13
1398,T,1342,5.2,7000,0,2.01E+13
1398,T,1343,5.21,1000,0,2.01E+13
1398,T,1344,5.21,450000,0,2.01E+13
1398,T,1345,5.21,27000,0,2.01E+13
1398,T,1346,5.21,25000,0,2.01E+13
1398,T,1347,5.21,50000,0,2.01E+13
1398,T,1348,5.21,1448000,0,2.01E+13
1398,T,1349,5.21,994000,0,2.01E+13
1398,T,1350,5.21,558000,0,2.01E+13
1398,T,1351,5.21,1000,0,2.01E+13
1398,T,1352,5.21,1000,0,2.01E+13
1398,T,1353,5.21,2000,0,2.01E+13
1398,T,1354,5.21,28000,0,2.01E+13
1398,T,1355,5.21,18000,0,2.01E+13
1398,T,1356,5.21,2000,0,2.01E+13
1398,T,1357,5.21,87000,0,2.01E+13
1398,T,1358,5.21,52000,0,2.01E+13
1398,T,1359,5.21,26000,0,2.01E+13
1398,T,1360,5.21,35000,0,2.01E+13
1398,T,1361,5.21,94000,0,2.01E+13
1398,T,1362,5.21,88000,0,2.01E+13
1398,T,1363,5.21,52000,0,2.01E+13
1398,T,1364,5.21,13000,0,2.01E+13
1398,T,1365,5.21,37000,0,2.01E+13
1398,T,1366,5.21,38000,0,2.01E+13
1398,T,1367,5.21,1000,0,2.01E+13
1398,T,1368,5.21,3000,0,2.01E+13
1398,T,1369,5.21,113000,0,2.01E+13
1398,T,1370,5.21,136000,0,2.01E+13
1398,T,1371,5.21,419000,0,2.01E+13
1398,T,1372,5.21,1000,0,2.01E+13
1398,T,1373,5.21,20000,0,2.01E+13
1398,T,1374,5.21,214000,0,2.01E+13
1398,T,1375,5.21,9000,0,2.01E+13
1398,T,1376,5.21,20000,0,2.01E+13
1398,T,1377,5.21,37000,0,2.01E+13
1398,T,1378,5.205,2000,101,2.01E+13
1398,T,1379,5.22,10000,0,2.01E+13
1398,T,1380,5.22,200000,0,2.01E+13
1398,T,1381,5.22,200000,0,2.01E+13
1398,T,1382,5.22,855000,0,2.01E+13
1398,T,1383,5.21,12000,0,2.01E+13
1398,T,1384,5.21,19000,0,2.01E+13
1398,T,1385,5.21,14000,0,2.01E+13
1398,T,1386,5.21,154000,0,2.01E+13
1398,T,1387,5.21,1000,0,2.01E+13
1398,T,1388,5.21,1000,0,2.01E+13
1398,T,1389,5.21,36000,0,2.01E+13
1398,T,1390,5.22,15000,0,2.01E+13
1398,T,1391,5.21,1000,0,2.01E+13
1398,T,1392,5.21,1000,0,2.01E+13
1398,T,1393,5.21,5000,0,2.01E+13
1398,T,1394,5.21,1000,0,2.01E+13
1398,T,1395,5.22,10000,0,2.01E+13
1398,T,1396,5.22,3000,0,2.01E+13
1398,T,1397,5.21,1000,0,2.01E+13
1398,T,1398,5.21,1000,0,2.01E+13
1398,T,1399,5.21,58000,0,2.01E+13
1398,T,1400,5.22,14000,0,2.01E+13
1398,T,1401,5.22,12000,0,2.01E+13
1398,T,1402,5.22,3000,0,2.01E+13
1398,T,1403,5.22,105000,0,2.01E+13
1398,T,1404,5.22,10000,0,2.01E+13
1398,T,1405,5.22,500000,0,2.01E+13
1398,T,1406,5.22,10000,0,2.01E+13
1398,T,1407,5.22,20000,0,2.01E+13
1398,T,1408,5.22,5000,0,2.01E+13
1398,T,1409,5.22,36000,0,2.01E+13
1398,T,1410,5.22,34000,0,2.01E+13
1398,T,1411,5.22,39000,0,2.01E+13
1398,T,1412,5.22,9000,0,2.01E+13
1398,T,1413,5.22,3000,0,2.01E+13
1398,T,1414,5.22,25000,0,2.01E+13
1398,T,1415,5.22,23000,0,2.01E+13
1398,T,1416,5.22,5000,0,2.01E+13
1398,T,1417,5.22,14000,0,2.01E+13
1398,T,1418,5.22,162000,0,2.01E+13
1398,T,1419,5.22,50000,0,2.01E+13
1398,T,1420,5.22,10000,0,2.01E+13
1398,T,1421,5.22,23000,0,2.01E+13
1398,T,1422,5.22,22000,0,2.01E+13
1398,T,1423,5.22,11000,0,2.01E+13
1398,T,1424,5.22,11000,0,2.01E+13
1398,T,1425,5.22,23000,0,2.01E+13
1398,T,1426,5.22,1000,0,2.01E+13
1398,T,1427,5.22,1000,0,2.01E+13
1398,T,1428,5.22,23000,0,2.01E+13
1398,T,1429,5.22,23000,0,2.01E+13
1398,T,1430,5.22,22000,0,2.01E+13
1398,T,1431,5.22,12000,0,2.01E+13
1398,T,1432,5.22,11000,0,2.01E+13
1398,T,1433,5.22,7000,0,2.01E+13
1398,T,1434,5.22,4000,0,2.01E+13
1398,T,1435,5.22,11000,0,2.01E+13
1398,T,1436,5.22,10000,0,2.01E+13
1398,T,1437,5.22,75000,0,2.01E+13
1398,T,1438,5.22,25000,0,2.01E+13
1398,T,1439,5.21,4000,0,2.01E+13
1398,T,1440,5.22,15000,0,2.01E+13
1398,T,1441,5.22,4000,0,2.01E+13
1398,T,1442,5.21,10000,0,2.01E+13
1398,T,1443,5.22,1000,0,2.01E+13
1398,T,1444,5.22,1000,0,2.01E+13
1398,T,1445,5.22,1000,0,2.01E+13
1398,T,1446,5.21,20000,0,2.01E+13
1398,T,1447,5.22,5000,0,2.01E+13
1398,T,1448,5.22,10000,0,2.01E+13
1398,T,1449,5.21,5000,0,2.01E+13
1398,T,1450,5.22,4000,0,2.01E+13
1398,T,1451,5.21,215000,0,2.01E+13
1398,T,1452,5.22,53000,0,2.01E+13
1398,T,1453,5.215,1000,101,2.01E+13
1398,T,1454,5.21,23000,0,2.01E+13
1398,T,1455,5.22,6000,0,2.01E+13
1398,T,1456,5.21,192000,0,2.01E+13
1398,T,1457,5.22,48000,0,2.01E+13
1398,T,1458,5.21,12000,0,2.01E+13
1398,T,1459,5.21,15000,0,2.01E+13
1398,T,1460,5.22,7000,0,2.01E+13
1398,T,1461,5.21,7000,0,2.01E+13
1398,T,1462,5.21,31000,0,2.01E+13
1398,T,1463,5.22,9000,0,2.01E+13
1398,T,1464,5.21,206000,0,2.01E+13
1398,T,1465,5.22,52000,0,2.01E+13
1398,T,1466,5.21,6000,0,2.01E+13
1398,T,1467,5.21,8000,0,2.01E+13
1398,T,1468,5.21,6000,0,2.01E+13
1398,T,1469,5.21,29000,0,2.01E+13
1398,T,1470,5.22,3000,0,2.01E+13
1398,T,1471,5.21,7000,0,2.01E+13
1398,T,1472,5.22,11000,0,2.01E+13
1398,T,1473,5.21,206000,0,2.01E+13
1398,T,1474,5.21,80000,0,2.01E+13
1398,T,1475,5.21,86000,0,2.01E+13
1398,T,1476,5.21,1000,0,2.01E+13
1398,T,1477,5.21,83000,0,2.01E+13
1398,T,1478,5.21,11000,0,2.01E+13
1398,T,1479,5.21,8000,0,2.01E+13
1398,T,1480,5.21,32000,0,2.01E+13
1398,T,1481,5.21,101000,0,2.01E+13
1398,T,1482,5.21,14000,0,2.01E+13
1398,T,1483,5.21,40000,0,2.01E+13
1398,T,1484,5.21,2000,0,2.01E+13
1398,T,1485,5.21,10000,0,2.01E+13
1398,T,1486,5.21,10000,0,2.01E+13
1398,T,1487,5.21,29000,0,2.01E+13
1398,T,1488,5.21,9000,0,2.01E+13
1398,T,1489,5.21,8000,0,2.01E+13
1398,T,1490,5.21,5000,0,2.01E+13
1398,T,1491,5.21,1000,0,2.01E+13
1398,T,1492,5.2,10000,0,2.01E+13
1398,T,1493,5.2,10000,0,2.01E+13
1398,T,1494,5.2,29000,0,2.01E+13
1398,T,1495,5.2,6000,0,2.01E+13
1398,T,1496,5.22,179000,0,2.01E+13
1398,T,1497,5.2,5000,0,2.01E+13
1398,T,1498,5.2,26000,0,2.01E+13
1398,T,1499,5.2,45000,0,2.01E+13
1398,T,1500,5.2,11000,0,2.01E+13
1398,T,1501,5.2,22000,0,2.01E+13
1398,T,1502,5.2,12000,0,2.01E+13
1398,T,1503,5.2,6000,0,2.01E+13
1398,T,1504,5.2,65000,0,2.01E+13
1398,T,1505,5.2,26000,0,2.01E+13
1398,T,1506,5.2,10000,0,2.01E+13
1398,T,1507,5.2,7000,0,2.01E+13
1398,T,1508,5.2,31000,100,2.01E+13
1398,T,1509,5.2,4000,0,2.01E+13
1398,T,1510,5.2,2000,0,2.01E+13
1398,T,1511,5.2,5000,0,2.01E+13
1398,T,1512,5.2,42000,0,2.01E+13
1398,T,1513,5.2,25000,0,2.01E+13
1398,T,1514,5.2,1000,0,2.01E+13
1398,T,1515,5.2,2000,0,2.01E+13
1398,T,1516,5.2,3000,0,2.01E+13
1398,T,1517,5.2,1000,0,2.01E+13
1398,T,1518,5.2,7000,0,2.01E+13
1398,T,1519,5.2,3000,0,2.01E+13
1398,T,1520,5.2,3000,0,2.01E+13
1398,T,1521,5.2,1000,0,2.01E+13
1398,T,1522,5.21,2000,101,2.01E+13
1398,T,1523,5.21,1000,101,2.01E+13
1398,T,1524,5.2,1000,0,2.01E+13
1398,T,1525,5.2,9000,0,2.01E+13
1398,T,1526,5.21,40000,0,2.01E+13
1398,T,1527,5.2,3000,0,2.01E+13
1398,T,1528,5.2,4000,0,2.01E+13
1398,T,1529,5.2,572000,0,2.01E+13
1398,T,1530,5.2,28000,0,2.01E+13
1398,T,1531,5.2,78000,0,2.01E+13
1398,T,1532,5.2,1000,0,2.01E+13
1398,T,1533,5.2,13000,0,2.01E+13
1398,T,1534,5.2,1000,0,2.01E+13
1398,T,1535,5.2,14000,0,2.01E+13
1398,T,1536,5.19,82000,0,2.01E+13
1398,T,1537,5.2,1000,0,2.01E+13
1398,T,1538,5.2,57000,0,2.01E+13
1398,T,1539,5.2,127000,0,2.01E+13
1398,T,1540,5.2,565000,0,2.01E+13
1398,T,1541,5.2,1000,0,2.01E+13
1398,T,1542,5.2,29000,0,2.01E+13
1398,T,1543,5.19,32000,0,2.01E+13
1398,T,1544,5.19,5000,0,2.01E+13
1398,T,1545,5.19,5000,0,2.01E+13
1398,T,1546,5.2,27000,0,2.01E+13
1398,T,1547,5.2,10000,0,2.01E+13
1398,T,1548,5.2,198000,0,2.01E+13
1398,T,1549,5.2,5000,0,2.01E+13
1398,T,1550,5.2,192000,0,2.01E+13
1398,T,1551,5.2,318000,0,2.01E+13
1398,T,1552,5.19,75000,0,2.01E+13
1398,T,1553,5.19,11000,0,2.01E+13
1398,T,1554,5.2,34000,0,2.01E+13
1398,T,1555,5.21,66000,0,2.01E+13
1398,T,1556,5.2,67000,0,2.01E+13
1398,T,1557,5.2,67000,0,2.01E+13
1398,T,1558,5.21,25000,0,2.01E+13
1398,T,1559,5.19,7000,0,2.01E+13
1398,T,1560,5.21,5000,0,2.01E+13
1398,T,1561,5.21,73000,0,2.01E+13
1398,T,1562,5.21,24000,0,2.01E+13
1398,T,1563,5.21,8000,0,2.01E+13
1398,T,1564,5.21,8000,0,2.01E+13
1398,T,1565,5.21,7000,0,2.01E+13
1398,T,1566,5.21,34000,0,2.01E+13
1398,T,1567,5.21,101000,0,2.01E+13
1398,T,1568,5.19,10000,0,2.01E+13
1398,T,1569,5.2,250000,0,2.01E+13
1398,T,1570,5.2,29000,0,2.01E+13
1398,T,1571,5.2,39000,0,2.01E+13
1398,T,1572,5.2,329000,0,2.01E+13
1398,T,1573,5.2,103000,0,2.01E+13
1398,T,1574,5.19,17000,0,2.01E+13
1398,T,1575,5.19,15000,0,2.01E+13
1398,T,1576,5.2,30000,0,2.01E+13
1398,T,1577,5.19,9000,0,2.01E+13
1398,T,1578,5.195,1000,101,2.01E+13
1398,T,1579,5.2,13000,0,2.01E+13
1398,T,1580,5.2,191000,0,2.01E+13
1398,T,1581,5.2,37000,0,2.01E+13
1398,T,1582,5.2,250000,0,2.01E+13
1398,T,1583,5.2,28000,0,2.01E+13
1398,T,1584,5.2,231000,0,2.01E+13
1398,T,1585,5.19,37000,0,2.01E+13
1398,T,1586,5.2,48000,0,2.01E+13
1398,T,1587,5.2,1000,0,2.01E+13
1398,T,1588,5.2,14000,0,2.01E+13
1398,T,1589,5.2,28000,0,2.01E+13
1398,T,1590,5.2,472000,0,2.01E+13
1398,T,1591,5.2,28000,0,2.01E+13
1398,T,1592,5.19,2000,0,2.01E+13
1398,T,1593,5.19,3000,0,2.01E+13
1398,T,1594,5.19,9000,0,2.01E+13
1398,T,1595,5.19,9000,0,2.01E+13
1398,T,1596,5.2,20000,0,2.01E+13
1398,T,1597,5.19,11000,0,2.01E+13
1398,T,1598,5.2,108000,0,2.01E+13
1398,T,1599,5.2,31000,0,2.01E+13
1398,T,1600,5.2,111000,0,2.01E+13
1398,T,1601,5.2,500000,0,2.01E+13
1398,T,1602,5.19,10000,0,2.01E+13
1398,T,1603,5.19,6000,0,2.01E+13
1398,T,1604,5.2,1000,0,2.01E+13
1398,T,1605,5.2,1000,101,2.01E+13
1398,T,1606,5.2,1000,101,2.01E+13
1398,T,1607,5.2,1000,0,2.01E+13
1398,T,1608,5.2,1000,0,2.01E+13
1398,T,1609,5.2,1000,0,2.01E+13
1398,T,1610,5.2,1000,0,2.01E+13
1398,T,1611,5.2,1000,0,2.01E+13
1398,T,1612,5.2,44000,0,2.01E+13
1398,T,1613,5.2,159000,0,2.01E+13
1398,T,1614,5.2,10000,0,2.01E+13
1398,T,1615,5.21,500000,0,2.01E+13
1398,T,1616,5.2,42000,0,2.01E+13
1398,T,1617,5.2,42000,0,2.01E+13
1398,T,1618,5.2,36000,0,2.01E+13
1398,T,1619,5.2,56000,0,2.01E+13
1398,T,1620,5.2,23000,0,2.01E+13
1398,T,1621,5.2,18000,0,2.01E+13
1398,T,1622,5.2,10000,0,2.01E+13
1398,T,1623,5.2,22000,0,2.01E+13
1398,T,1624,5.2,23000,0,2.01E+13
1398,T,1625,5.2,16000,0,2.01E+13
1398,T,1626,5.2,17000,0,2.01E+13
1398,T,1627,5.2,10000,0,2.01E+13
1398,T,1628,5.2,20000,0,2.01E+13
1398,T,1629,5.2,45000,0,2.01E+13
1398,T,1630,5.2,155000,0,2.01E+13
1398,T,1631,5.2,1000,0,2.01E+13
1398,T,1632,5.2,1000,0,2.01E+13
1398,T,1633,5.2,6000,0,2.01E+13
1398,T,1634,5.2,1000,0,2.01E+13
1398,T,1635,5.2,30000,0,2.01E+13
1398,T,1636,5.2,3000,0,2.01E+13
1398,T,1637,5.2,3000,0,2.01E+13
1398,T,1638,5.2,1000,0,2.01E+13
1398,T,1639,5.2,23000,0,2.01E+13
1398,T,1640,5.2,500000,0,2.01E+13
1398,T,1641,5.2,79000,0,2.01E+13
1398,T,1642,5.2,11000,0,2.01E+13
1398,T,1643,5.2,10000,0,2.01E+13
1398,T,1644,5.2,14000,0,2.01E+13
1398,T,1645,5.2,11000,0,2.01E+13
1398,T,1646,5.2,348000,0,2.01E+13
1398,T,1647,5.2,1000,0,2.01E+13
1398,T,1648,5.2,30000,0,2.01E+13
1398,T,1649,5.2,5000,0,2.01E+13
1398,T,1650,5.2,10000,0,2.01E+13
1398,T,1651,5.2,39000,0,2.01E+13
1398,T,1652,5.2,31000,0,2.01E+13
1398,T,1653,5.2,5000,0,2.01E+13
1398,T,1654,5.2,17000,0,2.01E+13
1398,T,1655,5.2,17000,0,2.01E+13
1398,T,1656,5.2,49000,0,2.01E+13
1398,T,1657,5.2,113000,0,2.01E+13
1398,T,1658,5.2,29000,0,2.01E+13
1398,T,1659,5.2,2000,0,2.01E+13
1398,T,1660,5.2,11000,0,2.01E+13
1398,T,1661,5.2,46000,0,2.01E+13
1398,T,1662,5.13,94,102,2.01E+13
1398,T,1663,5.2,22000,0,2.01E+13
1398,T,1664,5.2,15000,0,2.01E+13
1398,T,1665,5.21,500000,0,2.01E+13
1398,T,1666,5.2,74000,0,2.01E+13
1398,T,1667,5.205,1000,101,2.01E+13
1398,T,1668,5.2,76000,0,2.01E+13
1398,T,1669,5.2,1000,0,2.01E+13
1398,T,1670,5.2,500000,0,2.01E+13
1398,T,1671,5.2,36000,0,2.01E+13
1398,T,1672,5.2,1000,0,2.01E+13
1398,T,1673,5.19,4000,0,2.01E+13
1398,T,1674,5.19,17000,0,2.01E+13
1398,T,1675,5.19,77000,0,2.01E+13
1398,T,1676,5.2,58000,0,2.01E+13
1398,T,1677,5.2,22000,0,2.01E+13
1398,T,1678,5.2,10000,100,2.01E+13
1398,T,1679,5.2,13000,0,2.01E+13
1398,T,1680,5.2,9000,100,2.01E+13
1398,T,1681,5.2,2000,100,2.01E+13
1398,T,1682,5.205,1000,101,2.01E+13
1398,T,1683,5.2,1000,0,2.01E+13
1398,T,1684,5.21,10000,0,2.01E+13
1398,T,1685,5.21,30000,0,2.01E+13
1398,T,1686,5.2,7000,0,2.01E+13
1398,T,1687,5.2,2000,0,2.01E+13
1398,T,1688,5.2,25000,0,2.01E+13
1398,T,1689,5.2,19000,0,2.01E+13
1398,T,1690,5.21,16000,0,2.01E+13
1398,T,1691,5.205,2000,101,2.01E+13
1398,T,1692,5.2,5000,0,2.01E+13
1398,T,1693,5.2,10000,0,2.01E+13
1398,T,1694,5.2,114000,0,2.01E+13
1398,T,1695,5.2,23000,0,2.01E+13
1398,T,1696,5.2,102000,0,2.01E+13
1398,T,1697,5.2,18000,0,2.01E+13
1398,T,1698,5.2,2000,0,2.01E+13
1398,T,1699,5.2,10000,0,2.01E+13
1398,T,1700,5.2,400000,0,2.01E+13
1398,T,1701,5.2,11000,0,2.01E+13
1398,T,1702,5.2,2000,0,2.01E+13
1398,T,1703,5.2,2000,0,2.01E+13
1398,T,1704,5.2,3000,0,2.01E+13
1398,T,1705,5.2,5000,0,2.01E+13
1398,T,1706,5.2,7000,0,2.01E+13
1398,T,1707,5.2,31000,0,2.01E+13
1398,T,1708,5.2,19000,0,2.01E+13
1398,T,1709,5.2,10000,0,2.01E+13
1398,T,1710,5.2,4000,0,2.01E+13
1398,T,1711,5.2,1000,0,2.01E+13
1398,T,1712,5.2,42000,0,2.01E+13
1398,T,1713,5.2,10000,0,2.01E+13
1398,T,1714,5.2,12000,0,2.01E+13
1398,T,1715,5.2,78000,0,2.01E+13
1398,T,1716,5.2,10000,0,2.01E+13
1398,T,1717,5.2,6000,0,2.01E+13
1398,T,1718,5.2,64000,0,2.01E+13
1398,T,1719,5.2,1000,0,2.01E+13
1398,T,1720,5.2,1000,0,2.01E+13
1398,T,1721,5.2,20000,0,2.01E+13
1398,T,1722,5.19,24000,0,2.01E+13
1398,T,1723,5.19,26000,0,2.01E+13
1398,T,1724,5.2,20000,0,2.01E+13
1398,T,1725,5.2,16000,0,2.01E+13
1398,T,1726,5.2,4000,0,2.01E+13
1398,T,1727,5.2,38000,0,2.01E+13
1398,T,1728,5.2,198000,0,2.01E+13
1398,T,1729,5.2,1000,0,2.01E+13
1398,T,1730,5.2,36000,0,2.01E+13
1398,T,1731,5.2,19000,0,2.01E+13
1398,T,1732,5.2,4000,0,2.01E+13
1398,T,1733,5.2,1000,0,2.01E+13
1398,T,1734,5.2,117000,0,2.01E+13
1398,T,1735,5.2,250000,0,2.01E+13
1398,T,1736,5.2,46000,0,2.01E+13
1398,T,1737,5.2,16000,0,2.01E+13
1398,T,1738,5.2,75000,0,2.01E+13
1398,T,1739,5.2,8000,0,2.01E+13
1398,T,1740,5.2,9000,0,2.01E+13
1398,T,1741,5.2,101000,0,2.01E+13
1398,T,1742,5.2,1000,0,2.01E+13
1398,T,1743,5.2,249000,0,2.01E+13
1398,T,1744,5.2,48000,0,2.01E+13
1398,T,1745,5.2,100000,0,2.01E+13
1398,T,1746,5.21,1603000,0,2.01E+13
1398,T,1747,5.19,50000,0,2.01E+13
1398,T,1748,5.19,109000,0,2.01E+13
1398,T,1749,5.19,10000,0,2.01E+13
1398,T,1750,5.19,10000,0,2.01E+13
1398,T,1751,5.19,72000,0,2.01E+13
1398,T,1752,5.19,23000,0,2.01E+13
1398,T,1753,5.2,10000,0,2.01E+13
1398,T,1754,5.2,6000,0,2.01E+13
1398,T,1755,5.2,189000,0,2.01E+13
1398,T,1756,5.2,1000,0,2.01E+13
1398,T,1757,5.2,16000,0,2.01E+13
1398,T,1758,5.2,30000,0,2.01E+13
1398,T,1759,5.2,8000,0,2.01E+13
1398,T,1760,5.2,6000,0,2.01E+13
1398,T,1761,5.2,10000,0,2.01E+13
1398,T,1762,5.2,2000,0,2.01E+13
1398,T,1763,5.2,200000,0,2.01E+13
1398,T,1764,5.2,2000,0,2.01E+13
1398,T,1765,5.2,28000,0,2.01E+13
1398,T,1766,5.205,2000,101,2.01E+13
1398,T,1767,5.205,1000,101,2.01E+13
1398,T,1768,5.205,1000,101,2.01E+13
1398,T,1769,5.2,10000,0,2.01E+13
1398,T,1770,5.2,5000,0,2.01E+13
1398,T,1771,5.2,25000,0,2.01E+13
1398,T,1772,5.2,2000,0,2.01E+13
1398,T,1773,5.2,3000,0,2.01E+13
1398,T,1774,5.2,9000,0,2.01E+13
1398,T,1775,5.2,1000,0,2.01E+13
1398,T,1776,5.2,187000,0,2.01E+13
1398,T,1777,5.2,1000,0,2.01E+13
1398,T,1778,5.2,20000,0,2.01E+13
1398,T,1779,5.2,10000,0,2.01E+13
1398,T,1780,5.2,374000,0,2.01E+13
1398,T,1781,5.2,126000,0,2.01E+13
1398,T,1782,5.19,2000,0,2.01E+13
1398,T,1783,5.19,26000,0,2.01E+13
1398,T,1784,5.19,21000,0,2.01E+13
1398,T,1785,5.19,10000,0,2.01E+13
1398,T,1786,5.19,10000,0,2.01E+13
1398,T,1787,5.19,25000,0,2.01E+13
1398,T,1788,5.195,1000,101,2.01E+13
1398,T,1789,5.2,2000,0,2.01E+13
1398,T,1790,5.2,1000,0,2.01E+13
1398,T,1791,5.2,2000,0,2.01E+13
1398,T,1792,5.19,25000,0,2.01E+13
1398,T,1793,5.2,5000,0,2.01E+13
1398,T,1794,5.19,20000,0,2.01E+13
1398,T,1795,5.19,10000,0,2.01E+13
1398,T,1796,5.19,20000,0,2.01E+13
1398,T,1797,5.19,10000,0,2.01E+13
1398,T,1798,5.2,6000,0,2.01E+13
1398,T,1799,5.19,20000,0,2.01E+13
1398,T,1800,5.2,40000,0,2.01E+13
1398,T,1801,5.19,150000,0,2.01E+13
1398,T,1802,5.195,1000,101,2.01E+13
1398,T,1803,5.19,220000,0,2.01E+13
1398,T,1804,5.19,10000,0,2.01E+13
1398,T,1805,5.19,50000,0,2.01E+13
1398,T,1806,5.19,10000,0,2.01E+13
1398,T,1807,5.19,10000,0,2.01E+13
1398,T,1808,5.2,10000,0,2.01E+13
1398,T,1809,5.2,14000,0,2.01E+13
1398,T,1810,5.2,2000,0,2.01E+13
1398,T,1811,5.2,52000,0,2.01E+13
1398,T,1812,5.2,10000,0,2.01E+13
1398,T,1813,5.2,2000,0,2.01E+13
1398,T,1814,5.2,1000,0,2.01E+13
1398,T,1815,5.19,12000,0,2.01E+13
1398,T,1816,5.19,1000,101,2.01E+13
1398,T,1817,5.2,1000,0,2.01E+13
1398,T,1818,5.19,28000,0,2.01E+13
1398,T,1819,5.19,10000,0,2.01E+13
1398,T,1820,5.19,120000,0,2.01E+13
1398,T,1821,5.19,16000,0,2.01E+13
1398,T,1822,5.19,3000,0,2.01E+13
1398,T,1823,5.19,10000,0,2.01E+13
1398,T,1824,5.19,10000,0,2.01E+13
1398,T,1825,5.19,57000,0,2.01E+13
1398,T,1826,5.2,44000,0,2.01E+13
1398,T,1827,5.2,7000,0,2.01E+13
1398,T,1828,5.2,1000,0,2.01E+13
1398,T,1829,5.19,2000,101,2.01E+13
1398,T,1830,5.195,2000,101,2.01E+13
1398,T,1831,5.2,10000,0,2.01E+13
1398,T,1832,5.2,2000,0,2.01E+13
1398,T,1833,5.195,1000,101,2.01E+13
1398,T,1834,5.19,18000,0,2.01E+13
1398,T,1835,5.19,2000,101,2.01E+13
1398,T,1836,5.19,2000,101,2.01E+13
1398,T,1837,5.195,1000,101,2.01E+13
1398,T,1838,5.2,4000,0,2.01E+13
1398,T,1839,5.19,3000,0,2.01E+13
1398,T,1840,5.195,4000,101,2.01E+13
1398,T,1841,5.195,1000,101,2.01E+13
1398,T,1842,5.2,46000,0,2.01E+13
1398,T,1843,5.2,9000,0,2.01E+13
1398,T,1844,5.2,1000,0,2.01E+13
1398,T,1845,5.195,4000,101,2.01E+13
1398,T,1846,5.19,50000,0,2.01E+13
1398,T,1847,5.2,9000,0,2.01E+13
1398,T,1848,5.2,1000,0,2.01E+13
1398,T,1849,5.2,1000,0,2.01E+13
1398,T,1850,5.19,1000,0,2.01E+13
1398,T,1851,5.19,20000,0,2.01E+13
1398,T,1852,5.2,20000,0,2.01E+13
1398,T,1853,5.2,8000,0,2.01E+13
1398,T,1854,5.2,1000,0,2.01E+13
1398,T,1855,5.195,1000,101,2.01E+13
1398,T,1856,5.2,1000,0,2.01E+13
1398,T,1857,5.2,28000,0,2.01E+13
1398,T,1858,5.2,164000,0,2.01E+13
1398,T,1859,5.2,32000,0,2.01E+13
1398,T,1860,5.2,103000,0,2.01E+13
1398,T,1861,5.2,15000,0,2.01E+13
1398,T,1862,5.2,41000,0,2.01E+13
1398,T,1863,5.2,250000,0,2.01E+13
1398,T,1864,5.2,1000,0,2.01E+13
1398,T,1865,5.2,20000,0,2.01E+13
1398,T,1866,5.2,11000,0,2.01E+13
1398,T,1867,5.2,23000,0,2.01E+13
1398,T,1868,5.2,22000,0,2.01E+13
1398,T,1869,5.2,22000,0,2.01E+13
1398,T,1870,5.2,12000,0,2.01E+13
1398,T,1871,5.2,12000,0,2.01E+13
1398,T,1872,5.2,12000,0,2.01E+13
1398,T,1873,5.2,11000,0,2.01E+13
1398,T,1874,5.2,11000,0,2.01E+13
1398,T,1875,5.2,40000,0,2.01E+13
1398,T,1876,5.2,11000,0,2.01E+13
1398,T,1877,5.2,169000,0,2.01E+13
1398,T,1878,5.2,131000,0,2.01E+13
1398,T,1879,5.2,1000,0,2.01E+13
1398,T,1880,5.2,40000,0,2.01E+13
1398,T,1881,5.2,15000,0,2.01E+13
1398,T,1882,5.2,14000,0,2.01E+13
1398,T,1883,5.2,5000,0,2.01E+13
1398,T,1884,5.2,1000,0,2.01E+13
1398,T,1885,5.2,9000,0,2.01E+13
1398,T,1886,5.2,2000,0,2.01E+13
1398,T,1887,5.19,20000,0,2.01E+13
1398,T,1888,5.2,16000,0,2.01E+13
1398,T,1889,5.2,2000,0,2.01E+13
1398,T,1890,5.2,11000,0,2.01E+13
1398,T,1891,5.2,5000,0,2.01E+13
1398,T,1892,5.2,9000,0,2.01E+13
1398,T,1893,5.2,2000,0,2.01E+13
1398,T,1894,5.19,1000,0,2.01E+13
1398,T,1895,5.2,19000,0,2.01E+13
1398,T,1896,5.2,12000,0,2.01E+13
1398,T,1897,5.2,11000,0,2.01E+13
1398,T,1898,5.2,8000,0,2.01E+13
1398,T,1899,5.2,15000,0,2.01E+13
1398,T,1900,5.2,18000,0,2.01E+13
1398,T,1901,5.2,4000,0,2.01E+13
1398,T,1902,5.2,3000,0,2.01E+13
1398,T,1903,5.2,20000,0,2.01E+13
1398,T,1904,5.2,11000,0,2.01E+13
1398,T,1905,5.2,1000,0,2.01E+13
1398,T,1906,5.2,10000,0,2.01E+13
1398,T,1907,5.2,21000,0,2.01E+13
1398,T,1908,5.2,25000,0,2.01E+13
1398,T,1909,5.2,16000,0,2.01E+13
1398,T,1910,5.2,67000,0,2.01E+13
1398,T,1911,5.2,34000,0,2.01E+13
1398,T,1912,5.2,5000,0,2.01E+13
1398,T,1913,5.2,2000,0,2.01E+13
1398,T,1914,5.2,250000,0,2.01E+13
1398,T,1915,5.2,23000,0,2.01E+13
1398,T,1916,5.2,2000,0,2.01E+13
1398,T,1917,5.2,11000,0,2.01E+13
1398,T,1918,5.2,2000,0,2.01E+13
1398,T,1919,5.2,9000,0,2.01E+13
1398,T,1920,5.2,23000,0,2.01E+13
1398,T,1921,5.2,10000,0,2.01E+13
1398,T,1922,5.2,13000,0,2.01E+13
1398,T,1923,5.2,22000,0,2.01E+13
1398,T,1924,5.2,9000,0,2.01E+13
1398,T,1925,5.2,7000,0,2.01E+13
1398,T,1926,5.2,6000,0,2.01E+13
1398,T,1927,5.2,12000,0,2.01E+13
1398,T,1928,5.2,2000,0,2.01E+13
1398,T,1929,5.2,10000,0,2.01E+13
1398,T,1930,5.2,10000,0,2.01E+13
1398,T,1931,5.2,1000,0,2.01E+13
1398,T,1932,5.2,11000,0,2.01E+13
1398,T,1933,5.2,11000,0,2.01E+13
1398,T,1934,5.2,12000,0,2.01E+13
1398,T,1935,5.2,40000,0,2.01E+13
1398,T,1936,5.2,46000,0,2.01E+13
1398,T,1937,5.2,11000,0,2.01E+13
1398,T,1938,5.2,11000,0,2.01E+13
1398,T,1939,5.2,34000,0,2.01E+13
1398,T,1940,5.2,57000,0,2.01E+13
1398,T,1941,5.2,10000,0,2.01E+13
1398,T,1942,5.2,16000,0,2.01E+13
1398,T,1943,5.2,10000,0,2.01E+13
1398,T,1944,5.2,12000,0,2.01E+13
1398,T,1945,5.2,5000,0,2.01E+13
1398,T,1946,5.2,6000,0,2.01E+13
1398,T,1947,5.2,118000,0,2.01E+13
1398,T,1948,5.2,11000,0,2.01E+13
1398,T,1949,5.2,2000,0,2.01E+13
1398,T,1950,5.2,11000,0,2.01E+13
1398,T,1951,5.2,10000,0,2.01E+13
1398,T,1952,5.2,12000,0,2.01E+13
1398,T,1953,5.2,3000,0,2.01E+13
1398,T,1954,5.2,8000,0,2.01E+13
1398,T,1955,5.2,9000,0,2.01E+13
1398,T,1956,5.2,11000,0,2.01E+13
1398,T,1957,5.2,11000,0,2.01E+13
1398,T,1958,5.2,12000,0,2.01E+13
1398,T,1959,5.2,11000,0,2.01E+13
1398,T,1960,5.2,36000,0,2.01E+13
1398,T,1961,5.2,11000,0,2.01E+13
1398,T,1962,5.2,4000,0,2.01E+13
1398,T,1963,5.2,1000,0,2.01E+13
1398,T,1964,5.2,3000,0,2.01E+13
1398,T,1965,5.2,19000,0,2.01E+13
1398,T,1966,5.2,35000,0,2.01E+13
1398,T,1967,5.2,22000,0,2.01E+13
1398,T,1968,5.2,12000,0,2.01E+13
1398,T,1969,5.2,11000,0,2.01E+13
1398,T,1970,5.2,11000,0,2.01E+13
1398,T,1971,5.2,390000,100,2.01E+13
1398,T,1972,5.2,3000,0,2.01E+13
1398,T,1973,5.2,13000,0,2.01E+13
1398,T,1974,5.2,29000,0,2.01E+13
1398,T,1975,5.2,9000,0,2.01E+13
1398,T,1976,5.2,36000,0,2.01E+13
1398,T,1977,5.2,50000,0,2.01E+13
1398,T,1978,5.2,1000,0,2.01E+13
1398,T,1979,5.2,10000,0,2.01E+13
1398,T,1980,5.2,30000,0,2.01E+13
1398,T,1981,5.2,38000,0,2.01E+13
1398,T,1982,5.2,152000,0,2.01E+13
1398,T,1983,5.2,67000,0,2.01E+13
1398,T,1984,5.2,281000,0,2.01E+13
1398,T,1985,5.2,1000,0,2.01E+13
1398,T,1986,5.2,66000,0,2.01E+13
1398,T,1987,5.2,30000,0,2.01E+13
1398,T,1988,5.195,1000,101,2.01E+13
1398,T,1989,5.2,57000,0,2.01E+13
1398,T,1990,5.2,10000,0,2.01E+13
1398,T,1991,5.2,1000,0,2.01E+13
1398,T,1992,5.2,22000,0,2.01E+13
1398,T,1993,5.2,5000,0,2.01E+13
1398,T,1994,5.2,33000,0,2.01E+13
1398,T,1995,5.15,45,102,2.01E+13
1398,T,1996,5.205,1000,101,2.01E+13
1398,T,1997,5.205,1000,101,2.01E+13
1398,T,1998,5.2,8000,0,2.01E+13
1398,T,1999,5.2,2000,0,2.01E+13
1398,T,2000,5.21,100000,0,2.01E+13